name,class,seat,destination
Shelby Rowe,First,A1,ATL
Heather Douglas,First,A2,ATL
Mark Norris,First,A3,ATL
Deborah Gonzales,First,A4,ATL
David Moore,First,A5,ATL
Devin Stewart,First,A6,ATL
Kelly Powell,First,B1,ATL
Vincent Dawson,First,B2,ATL
Tara Peterson,First,B3,ATL
Patricia Chapman,First,B4,ATL
Stephen Williams,First,B5,ATL
Nicole Brown,First,B6,ATL
Thomas Butler,First,C1,ATL
Derek Hayden,First,C2,ATL
Becky Brown,First,C3,ATL
Mark Smith,First,C4,ATL
John Anderson,First,C5,ATL
David Torres,First,C6,ATL
Christopher Patton,Business,D1,ATL
Cassandra Scott,Business,D2,ATL
Valerie Tucker,Business,D3,ATL
Jessica Fowler,Business,D4,ATL
Mrs. Kelly Harris,Business,D5,ATL
Shelly Ellis,Business,D6,ATL
Michael Hill,Business,E1,ATL
Sandra Baker,Business,E2,ATL
Brian Rosales,Business,E3,ATL
Tyler Michael,Business,E4,ATL
Ruth Pierce,Business,E5,ATL
Jose Molina,Business,E6,ATL
Crystal Hardy,Business,F1,ATL
Rebecca Russell,Business,F2,ATL
Francis Nguyen,Business,F3,ATL
Daniel Kennedy,Business,F4,ATL
Brittney Powers,Business,F5,ATL
Julia Thomas,Business,F6,ATL
Elizabeth Burgess,Business,G1,ATL
Benjamin Daniel,Business,G2,ATL
Maria Adams,Business,G3,ATL
Sarah Jackson,Business,G4,ATL
Collin Lee,Business,G5,ATL
Sarah Greene,Business,G6,ATL
Carla Tucker,Business,H1,ATL
Christina Coffey,Business,H2,ATL
Timothy Myers,Business,H3,ATL
Olivia Mueller,Business,H4,ATL
Annette Kirk,Business,H5,ATL
Heather Riddle,Business,H6,ATL
Tonya Green,Economy,I1,ATL
Dawn Medina,Economy,I2,ATL
John Wilson,Economy,I3,ATL
Amber Williams,Economy,I4,ATL
Amanda Rosales,Economy,I5,ATL
Lori Davis,Economy,I6,ATL
Julia Wolfe,Economy,J1,ATL
Denise Rodgers,Economy,J2,ATL
Brett Martinez,Economy,J3,ATL
Thomas Wilkins,Economy,J4,ATL
Amber Murray,Economy,J5,ATL
Kerry Gentry,Economy,J6,ATL
Jenna Anderson,Economy,K1,ATL
Ian Nunez,Economy,K2,ATL
John Richardson,Economy,K3,ATL
Barry Peterson,Economy,K4,ATL
Kayla Buckley,Economy,K5,ATL
Sandra Garcia,Economy,K6,ATL
Alexis Green,Economy,L1,ATL
Ann Garcia,Economy,L2,ATL
Emily Williams,Economy,L3,ATL
Dale Anderson,Economy,L4,ATL
Megan Lambert,Economy,L5,ATL
Brian Jones,Economy,L6,ATL
Andrew Mason,Economy,M1,ATL
Courtney Keller,Economy,M2,ATL
Linda Martin,Economy,M3,ATL
Kyle Kennedy,Economy,M4,ATL
Douglas Garcia,Economy,M5,ATL
Judith Lopez,Economy,M6,ATL
Steven Garcia,Economy,N1,ATL
Thomas Phillips,Economy,N2,ATL
Victoria Campbell,Economy,N3,ATL
Deanna Rodriguez,Economy,N4,ATL
Catherine Long,Economy,N5,ATL
Alyssa Donovan,Economy,N6,ATL
Daniel Howard,Economy,O1,ATL
Alexander Ruiz,Economy,O2,ATL
Shirley Henderson,Economy,O3,ATL
Patrick Sullivan,Economy,O4,ATL
Brenda Hall,Economy,O5,ATL
Rhonda Ward,Economy,O6,ATL
Mark Richmond,Economy,P1,ATL
Joshua House,Economy,P2,ATL
Kelly Smith,Economy,P3,ATL
Jonathan Cruz,Economy,P4,ATL
Vanessa West,Economy,P5,ATL
Richard Vazquez PhD,Economy,P6,ATL
Paige Scott,Economy,Q1,ATL
Michael Mcguire,Economy,Q2,ATL
Rachel Small,Economy,Q3,ATL
John Riddle,Economy,Q4,ATL
Kayla Stone,Economy,Q5,ATL
Melissa Serrano,Economy,Q6,ATL
Christopher Mitchell,Economy,R1,ATL
Gabriel Silva,Economy,R2,ATL
Andre Bailey,Economy,R3,ATL
Monica Jackson,Economy,R4,ATL
William Michael,Economy,R5,ATL
Judith Barnett,Economy,R6,ATL
Mrs. Miranda Cox,Economy,S1,ATL
Sarah Parks,Economy,S2,ATL
Alex Smith,Economy,S3,ATL
Geoffrey Thomas,Economy,S4,ATL
Sharon Rice,Economy,S5,ATL
Charles Castillo,Economy,S6,ATL
Amanda Thomas,Economy,T1,ATL
Carlos Drake,Economy,T2,ATL
Sandra Robles,Economy,T3,ATL
Jennifer Hines,Economy,T4,ATL
Debra Vega,Economy,T5,ATL
Mark Davis,Economy,T6,ATL
Michele Miller,Economy,U1,ATL
Jimmy Chan,Economy,U2,ATL
Kimberly Johnson,Economy,U3,ATL
Steven Bowman Jr.,Economy,U4,ATL
Elizabeth Collins,Economy,U5,ATL
Lisa King,Economy,U6,ATL
Gwendolyn Williams,Economy,V1,ATL
Sarah Pittman DVM,Economy,V2,ATL
Jamie Fuller MD,Economy,V3,ATL
Victor Harris,Economy,V4,ATL
Kim Pitts,Economy,V5,ATL
Geoffrey Townsend,Economy,V6,ATL
Justin Meyer,Economy,W1,ATL
Kathleen Burton,Economy,W2,ATL
Carrie Smith,Economy,W3,ATL
Stephanie Campos,Economy,W4,ATL
Daniel Edwards,Economy,W5,ATL
Kevin Allen,Economy,W6,ATL
Charles Berg,Economy,X1,ATL
Matthew Cook,Economy,X2,ATL
Christopher Gonzalez,Economy,X3,ATL
Amy Jackson,Economy,X4,ATL
Lindsey Young,Economy,X5,ATL
Laura Lang,Economy,X6,ATL
Jesus Rodriguez,Economy,Y1,ATL
Wesley Gaines,Economy,Y2,ATL
Terry House,Economy,Y3,ATL
Carlos Caldwell,Economy,Y4,ATL
Andrew Mcpherson,Economy,Y5,ATL
Chelsea Kirby,Economy,Y6,ATL
Kenneth Nguyen,Economy,Z1,ATL
Lisa Brown,Economy,Z2,ATL
Jessica Dixon,Economy,Z3,ATL
Tammy Barrett,Economy,Z4,ATL
Melissa Short,Economy,Z5,ATL
Anna Morris,Economy,Z6,ATL
Chad Oneal,First,A1,ORD
Betty Malone,First,A2,ORD
John Roy,First,A3,ORD
Rachel Barron,First,A4,ORD
Jay Kaiser,First,A5,ORD
Andrea Beasley,First,A6,ORD
Kristen Hamilton,First,B1,ORD
Austin King,First,B2,ORD
Kevin Ramsey,First,B3,ORD
Richard Shea,First,B4,ORD
Crystal Harris,First,B5,ORD
Julia Tran,First,B6,ORD
Larry Hurst,First,C1,ORD
Jeffery Simpson,First,C2,ORD
Christopher Thomas,First,C3,ORD
Julie Burgess,First,C4,ORD
Lisa Lewis,First,C5,ORD
Bryan Gonzalez,First,C6,ORD
Nicholas Townsend,Business,D1,ORD
David Garcia,Business,D2,ORD
Rachel Bryant,Business,D3,ORD
Julie Cunningham,Business,D4,ORD
John Jones,Business,D5,ORD
Matthew Howard,Business,D6,ORD
Paul Harris,Business,E1,ORD
Mary Gregory,Business,E2,ORD
Joseph Griffith,Business,E3,ORD
Arthur Lopez,Business,E4,ORD
Matthew Mercado,Business,E5,ORD
Michael Ramos,Business,E6,ORD
Kelly Martinez,Business,F1,ORD
Melissa Williams,Business,F2,ORD
Michelle Anderson,Business,F3,ORD
Jennifer Smith,Business,F4,ORD
Michael Clements,Business,F5,ORD
Deborah Rice,Business,F6,ORD
Dawn Stewart,Business,G1,ORD
Travis Palmer,Business,G2,ORD
Marco Cervantes,Business,G3,ORD
David Glass,Business,G4,ORD
Gary Wilson,Business,G5,ORD
Tyler Johnson,Business,G6,ORD
Rick Patterson Jr.,Business,H1,ORD
Holly Kelley,Business,H2,ORD
Adam Rosario,Business,H3,ORD
Brittany Smith,Business,H4,ORD
Bradley Cantu,Business,H5,ORD
Harold Snyder,Business,H6,ORD
Wayne Kaufman,Economy,I1,ORD
Amy Lucero PhD,Economy,I2,ORD
Sean Johnson,Economy,I3,ORD
Nathan Carney,Economy,I4,ORD
Kyle Jones,Economy,I5,ORD
Robert Smith,Economy,I6,ORD
Keith Bonilla,Economy,J1,ORD
John Johnson,Economy,J2,ORD
Thomas White,Economy,J3,ORD
Joseph Tran,Economy,J4,ORD
Kurt Brown,Economy,J5,ORD
Jessica Hill,Economy,J6,ORD
Jason Cuevas,Economy,K1,ORD
Jennifer Everett,Economy,K2,ORD
Ryan Lee,Economy,K3,ORD
Chelsea Rollins,Economy,K4,ORD
Marcus Smith,Economy,K5,ORD
Laura Lopez,Economy,K6,ORD
Mitchell Gomez,Economy,L1,ORD
Claire West,Economy,L2,ORD
Catherine Robertson,Economy,L3,ORD
Ashley Robinson,Economy,L4,ORD
James Herring,Economy,L5,ORD
Lynn Hansen,Economy,L6,ORD
Nathan Howard,Economy,M1,ORD
Nicole Lindsey MD,Economy,M2,ORD
Anna Blair,Economy,M3,ORD
Michael Barrera,Economy,M4,ORD
Crystal Cruz,Economy,M5,ORD
Rebecca Walker,Economy,M6,ORD
Susan Robinson,Economy,N1,ORD
Patrick Holmes,Economy,N2,ORD
Melissa Mcmillan,Economy,N3,ORD
Laura Trevino,Economy,N4,ORD
Christine Kline,Economy,N5,ORD
Donald Osborne,Economy,N6,ORD
Crystal Schneider,Economy,O1,ORD
Carol Brown,Economy,O2,ORD
Christine Alvarado,Economy,O3,ORD
Laura Padilla,Economy,O4,ORD
William Williams,Economy,O5,ORD
Cody Foster,Economy,O6,ORD
Dylan Garcia,Economy,P1,ORD
Corey Miller,Economy,P2,ORD
James Collins,Economy,P3,ORD
Timothy Tanner,Economy,P4,ORD
Jennifer Duncan,Economy,P5,ORD
Timothy Myers,Economy,P6,ORD
Jennifer Anderson,Economy,Q1,ORD
Brianna Porter,Economy,Q2,ORD
Vanessa West,Economy,Q3,ORD
Lisa Barnes,Economy,Q4,ORD
Emily Gilbert,Economy,Q5,ORD
Emily Miller,Economy,Q6,ORD
Samuel Sandoval,Economy,R1,ORD
Elizabeth Kelly,Economy,R2,ORD
Allison Sharp,Economy,R3,ORD
John King,Economy,R4,ORD
Andrew Kramer,Economy,R5,ORD
Kristin Shaw,Economy,R6,ORD
Patrick Aguilar,Economy,S1,ORD
David Pruitt,Economy,S2,ORD
Kendra Wilcox,Economy,S3,ORD
Jerry Mcclure,Economy,S4,ORD
Hannah Hardy,Economy,S5,ORD
Glenn Thornton,Economy,S6,ORD
Michele Rojas,Economy,T1,ORD
Nicole Gonzalez,Economy,T2,ORD
Jamie Hall,Economy,T3,ORD
Kyle Vasquez,Economy,T4,ORD
Ryan Black,Economy,T5,ORD
James Valenzuela,Economy,T6,ORD
Thomas Fuentes,Economy,U1,ORD
Courtney Price,Economy,U2,ORD
Tonya Bryant,Economy,U3,ORD
Janet Ellis,Economy,U4,ORD
Adam Potts,Economy,U5,ORD
Daniel Chan,Economy,U6,ORD
Philip Jordan,Economy,V1,ORD
Michelle Thompson,Economy,V2,ORD
Regina Griffith MD,Economy,V3,ORD
Lori Martin,Economy,V4,ORD
Richard Lewis,Economy,V5,ORD
Beth Hanson,Economy,V6,ORD
Mr. Mark Avila,Economy,W1,ORD
Veronica Hernandez,Economy,W2,ORD
Dr. Paula Myers,Economy,W3,ORD
Ruth Hubbard,Economy,W4,ORD
Nicole Baldwin,Economy,W5,ORD
Patricia Graves,Economy,W6,ORD
Sherri Phillips,Economy,X1,ORD
Tiffany Combs,Economy,X2,ORD
Michelle Huang,Economy,X3,ORD
Susan Briggs,Economy,X4,ORD
Jacqueline West,Economy,X5,ORD
Joseph Campbell,Economy,X6,ORD
Joshua Holder,Economy,Y1,ORD
Nicholas Hall,Economy,Y2,ORD
David Soto,Economy,Y3,ORD
Andrea Browning,Economy,Y4,ORD
Kimberly Buck,Economy,Y5,ORD
Tina Forbes,Economy,Y6,ORD
Jillian Nguyen,Economy,Z1,ORD
John Gregory,Economy,Z2,ORD
Cody Thomas,Economy,Z3,ORD
Wendy Hernandez,Economy,Z4,ORD
Cynthia Ramos,Economy,Z5,ORD
Robert Vega,Economy,Z6,ORD
Brandon Dawson,First,A1,LAX
Michael Alvarado,First,A2,LAX
Antonio Lewis,First,A3,LAX
Oscar Shaw,First,A4,LAX
Marie Sanchez,First,A5,LAX
Diane Jones,First,A6,LAX
Tracy Sanford,First,B1,LAX
Karen Patterson,First,B2,LAX
Jennifer James,First,B3,LAX
Heather Thomas,First,B4,LAX
Michael Weber,First,B5,LAX
Joshua Oliver,First,B6,LAX
Keith Montes,First,C1,LAX
Mr. Joseph Schroeder,First,C2,LAX
Mike Horton,First,C3,LAX
Nicole Jimenez,First,C4,LAX
Adrian Wilson,First,C5,LAX
Brian Vaughn,First,C6,LAX
Keith Santos,Business,D1,LAX
Dawn Swanson,Business,D2,LAX
Ryan Lopez,Business,D3,LAX
Kathryn Chung,Business,D4,LAX
Brandy Pearson,Business,D5,LAX
Emily Rivera,Business,D6,LAX
Erica Willis,Business,E1,LAX
Dave Wright,Business,E2,LAX
Benjamin Sanchez,Business,E3,LAX
Olivia Miller,Business,E4,LAX
Isaac Freeman,Business,E5,LAX
Ricardo Price,Business,E6,LAX
Jennifer Roberts,Business,F1,LAX
Dylan Wade,Business,F2,LAX
Mary Ruiz,Business,F3,LAX
Barry Johnson,Business,F4,LAX
Laura Salazar,Business,F5,LAX
Jennifer Smith,Business,F6,LAX
Ms. Jenna Martin,Business,G1,LAX
Jeffrey Jefferson,Business,G2,LAX
Susan Sanders,Business,G3,LAX
Jason Hines,Business,G4,LAX
Debra Ross,Business,G5,LAX
Kirsten Jackson,Business,G6,LAX
Nicole Harris,Business,H1,LAX
Karen Davenport,Business,H2,LAX
Jacob Williams,Business,H3,LAX
Lauren Carpenter,Business,H4,LAX
Jennifer Morrow DVM,Business,H5,LAX
Michelle Martin,Business,H6,LAX
John Weaver,Economy,I1,LAX
Melissa Jordan,Economy,I2,LAX
Adam Haney,Economy,I3,LAX
Anthony Erickson,Economy,I4,LAX
Amber Brown,Economy,I5,LAX
Keith Smith,Economy,I6,LAX
Stacey Gilbert,Economy,J1,LAX
Sherry Soto,Economy,J2,LAX
Dr. Kenneth Mccoy MD,Economy,J3,LAX
Michelle Martin,Economy,J4,LAX
Kerry Blevins,Economy,J5,LAX
Ronnie Bryant,Economy,J6,LAX
Sherry Chapman,Economy,K1,LAX
Leah Reed,Economy,K2,LAX
Carlos Williams,Economy,K3,LAX
Kayla Green,Economy,K4,LAX
Donald Marquez,Economy,K5,LAX
James Hanson,Economy,K6,LAX
Frederick Young,Economy,L1,LAX
Jonathan Conley,Economy,L2,LAX
Mrs. Jennifer Myers,Economy,L3,LAX
Jennifer Calderon,Economy,L4,LAX
Nancy Beard,Economy,L5,LAX
Thomas Nelson,Economy,L6,LAX
Mary Ponce,Economy,M1,LAX
Michael Colon,Economy,M2,LAX
William Harmon,Economy,M3,LAX
Michael Wright,Economy,M4,LAX
Evan Thompson,Economy,M5,LAX
Amanda Gordon,Economy,M6,LAX
Connie Cooper,Economy,N1,LAX
Zachary Ford,Economy,N2,LAX
Susan Sullivan,Economy,N3,LAX
Ashley Terry,Economy,N4,LAX
Michael Davis,Economy,N5,LAX
David Martinez,Economy,N6,LAX
Stephen Leblanc,Economy,O1,LAX
Emily Walsh,Economy,O2,LAX
Natasha Smith,Economy,O3,LAX
Jennifer Moore,Economy,O4,LAX
Christine Smith,Economy,O5,LAX
Kathleen Gonzalez MD,Economy,O6,LAX
Cody Mullins,Economy,P1,LAX
Timothy Moses,Economy,P2,LAX
Seth Tran,Economy,P3,LAX
Mrs. Sally Romero,Economy,P4,LAX
Diana Hernandez,Economy,P5,LAX
Anita Kramer,Economy,P6,LAX
Ashley Coleman,Economy,Q1,LAX
Charles Cannon,Economy,Q2,LAX
Joshua Miller,Economy,Q3,LAX
Christopher Hernandez,Economy,Q4,LAX
Ryan Smith,Economy,Q5,LAX
William Fernandez,Economy,Q6,LAX
Julie Lopez,Economy,R1,LAX
Christian Turner,Economy,R2,LAX
Daniel Gay,Economy,R3,LAX
Mary Bowman,Economy,R4,LAX
Felicia Hansen,Economy,R5,LAX
Yolanda Marquez,Economy,R6,LAX
Nicholas Mckinney,Economy,S1,LAX
Mark Palmer,Economy,S2,LAX
Dylan Ryan,Economy,S3,LAX
Mary Clark,Economy,S4,LAX
Jason Baker,Economy,S5,LAX
Jeremy Mclaughlin,Economy,S6,LAX
Marc Garcia,Economy,T1,LAX
Sharon Bennett,Economy,T2,LAX
Lori Maddox,Economy,T3,LAX
Walter Williams,Economy,T4,LAX
Melissa Ford,Economy,T5,LAX
Calvin Watson,Economy,T6,LAX
David Fields,Economy,U1,LAX
Eric Haynes,Economy,U2,LAX
Terry Cowan,Economy,U3,LAX
Mr. Matthew Roberts DDS,Economy,U4,LAX
John Smith,Economy,U5,LAX
Ryan Williams,Economy,U6,LAX
Kevin Mathis,Economy,V1,LAX
Angela Hunt,Economy,V2,LAX
Becky Schmidt,Economy,V3,LAX
Bethany Hicks,Economy,V4,LAX
Jennifer Jackson,Economy,V5,LAX
Erin Camacho,Economy,V6,LAX
Nathaniel Kim,Economy,W1,LAX
Victoria Hicks,Economy,W2,LAX
Rebecca Larsen,Economy,W3,LAX
Kyle Buckley,Economy,W4,LAX
Andrew Smith,Economy,W5,LAX
Erika Patel,Economy,W6,LAX
Timothy Pittman,Economy,X1,LAX
Jennifer Torres,Economy,X2,LAX
Zachary Evans,Economy,X3,LAX
Jose Roberts,Economy,X4,LAX
Dennis Anderson,Economy,X5,LAX
Mckenzie Lopez,Economy,X6,LAX
Arthur Long,Economy,Y1,LAX
Samantha Lee,Economy,Y2,LAX
Christopher Woods,Economy,Y3,LAX
Christina Hernandez,Economy,Y4,LAX
Jessica Miles,Economy,Y5,LAX
Angela Wood,Economy,Y6,LAX
Michael Hunter,Economy,Z1,LAX
Amy Soto,Economy,Z2,LAX
Casey Tran,Economy,Z3,LAX
Jeffrey Martin,Economy,Z4,LAX
Melissa Brown,Economy,Z5,LAX
Mrs. Tanya Taylor,Economy,Z6,LAX
Justin Walker PhD,First,A1,DFW
Daniel Hamilton,First,A2,DFW
John Lee,First,A3,DFW
Jeffery Perez,First,A4,DFW
Robert Adams,First,A5,DFW
Russell Miller,First,A6,DFW
Greg Walker,First,B1,DFW
Barry Smith,First,B2,DFW
Charles Roberts,First,B3,DFW
Carl White,First,B4,DFW
Jesse Turner,First,B5,DFW
Tanya Haas,First,B6,DFW
Jose Edwards,First,C1,DFW
Alejandro Lee,First,C2,DFW
Sarah Johnson,First,C3,DFW
Martha Smith,First,C4,DFW
Christian Houston,First,C5,DFW
Alicia Harding,First,C6,DFW
Daniel Rodriguez,Business,D1,DFW
Kyle Espinoza,Business,D2,DFW
Derek Young,Business,D3,DFW
Jeremy Roberts,Business,D4,DFW
April Vasquez,Business,D5,DFW
Aaron Johnson,Business,D6,DFW
Lauren Weaver,Business,E1,DFW
Tony Acosta,Business,E2,DFW
Diana Nguyen,Business,E3,DFW
Robert Davies,Business,E4,DFW
Timothy Evans,Business,E5,DFW
John Lyons,Business,E6,DFW
Jeffrey Spencer,Business,F1,DFW
Ashley Miller,Business,F2,DFW
Richard Miller,Business,F3,DFW
Patrick Cook,Business,F4,DFW
John Castro,Business,F5,DFW
Mckenzie Lucas,Business,F6,DFW
David Burns,Business,G1,DFW
Kimberly Mendez,Business,G2,DFW
Christina Davies,Business,G3,DFW
Danielle Fleming,Business,G4,DFW
James Huff,Business,G5,DFW
Carl Ramos,Business,G6,DFW
Helen Watts,Business,H1,DFW
Michelle Brennan,Business,H2,DFW
Rachel Morrison,Business,H3,DFW
Frederick Johnston,Business,H4,DFW
Barbara Mcmillan,Business,H5,DFW
Allison Newman,Business,H6,DFW
Marc Solomon,Economy,I1,DFW
Kristen Lynch,Economy,I2,DFW
David Marshall,Economy,I3,DFW
Gregory Taylor Jr.,Economy,I4,DFW
Wesley Hughes,Economy,I5,DFW
Eric Green,Economy,I6,DFW
Rebecca Santiago,Economy,J1,DFW
Ashley Hudson,Economy,J2,DFW
Terrence Moore,Economy,J3,DFW
Kristine Howard,Economy,J4,DFW
Tina Reyes,Economy,J5,DFW
Amanda Hensley,Economy,J6,DFW
Susan Fischer,Economy,K1,DFW
Joseph Wilson,Economy,K2,DFW
Erin Yu,Economy,K3,DFW
Mario Stephenson,Economy,K4,DFW
Cassandra White,Economy,K5,DFW
Steven Walker,Economy,K6,DFW
Jeff Sutton,Economy,L1,DFW
Jessica Johnston,Economy,L2,DFW
April Estrada,Economy,L3,DFW
Michael Torres,Economy,L4,DFW
Alexander Hill,Economy,L5,DFW
Richard Woods,Economy,L6,DFW
Raymond Williams,Economy,M1,DFW
Doris Barton,Economy,M2,DFW
Haley Fowler,Economy,M3,DFW
Michelle Valentine,Economy,M4,DFW
Terry Thomas,Economy,M5,DFW
Erica Brown,Economy,M6,DFW
Nicolas Cole,Economy,N1,DFW
Charles Johnston,Economy,N2,DFW
James Harris,Economy,N3,DFW
Brittany Scott,Economy,N4,DFW
Scott Wu,Economy,N5,DFW
Stephanie Cooper,Economy,N6,DFW
Jimmy Hernandez,Economy,O1,DFW
Devin Hamilton,Economy,O2,DFW
Troy Reynolds,Economy,O3,DFW
Paul Martinez,Economy,O4,DFW
Cheryl Gardner,Economy,O5,DFW
Teresa Vazquez,Economy,O6,DFW
Edwin Vance,Economy,P1,DFW
Gregory Sanchez,Economy,P2,DFW
Stephen Carr,Economy,P3,DFW
John Roberson,Economy,P4,DFW
Robert Arellano,Economy,P5,DFW
Julie Wells,Economy,P6,DFW
Samantha Ruiz,Economy,Q1,DFW
Amy Bailey,Economy,Q2,DFW
John Copeland,Economy,Q3,DFW
Kelly Walker,Economy,Q4,DFW
Colin Velazquez,Economy,Q5,DFW
Ryan Chavez,Economy,Q6,DFW
Kylie Crawford,Economy,R1,DFW
Jose Rojas,Economy,R2,DFW
Kayla Thompson,Economy,R3,DFW
Sarah Mullins,Economy,R4,DFW
Michael Woodard,Economy,R5,DFW
Colleen Carrillo,Economy,R6,DFW
Kimberly Fitzpatrick,Economy,S1,DFW
Michael Melendez,Economy,S2,DFW
William Lewis,Economy,S3,DFW
John West,Economy,S4,DFW
James Berry,Economy,S5,DFW
Donna Perez,Economy,S6,DFW
Tiffany Patel,Economy,T1,DFW
Cynthia Wood,Economy,T2,DFW
Julie Perez,Economy,T3,DFW
Hunter Price,Economy,T4,DFW
Adrian Arias,Economy,T5,DFW
Danielle Boone DVM,Economy,T6,DFW
Amber Gilbert,Economy,U1,DFW
John Russell,Economy,U2,DFW
Timothy Hobbs,Economy,U3,DFW
Vincent Peck,Economy,U4,DFW
Gabriel Mccarthy,Economy,U5,DFW
Ana Smith,Economy,U6,DFW
Michael Clark,Economy,V1,DFW
Daniel Lowe,Economy,V2,DFW
Michael Hamilton,Economy,V3,DFW
Edward Martinez,Economy,V4,DFW
Matthew Williams,Economy,V5,DFW
Cynthia Copeland,Economy,V6,DFW
Christina Chavez,Economy,W1,DFW
Sandy Larson,Economy,W2,DFW
Colton Gallagher III,Economy,W3,DFW
Samantha James,Economy,W4,DFW
Laurie Gomez,Economy,W5,DFW
Sandra Wilson,Economy,W6,DFW
Ryan Bennett,Economy,X1,DFW
Danny Patel,Economy,X2,DFW
Kimberly Davis,Economy,X3,DFW
Darrell Gonzalez,Economy,X4,DFW
Alexis Delgado,Economy,X5,DFW
Victoria Brooks,Economy,X6,DFW
Joshua Austin,Economy,Y1,DFW
Patricia Lopez,Economy,Y2,DFW
Stephen Gray,Economy,Y3,DFW
Peter Allen,Economy,Y4,DFW
William Carpenter,Economy,Y5,DFW
Billy Patel,Economy,Y6,DFW
Troy Owens,Economy,Z1,DFW
Danielle Alexander,Economy,Z2,DFW
Laura Graves,Economy,Z3,DFW
Melissa Lewis,Economy,Z4,DFW
Jordan Adams,Economy,Z5,DFW
Russell Spears,Economy,Z6,DFW
Brittney Martinez,First,A1,DEN
Jessica Hughes,First,A2,DEN
James Miller,First,A3,DEN
Mitchell Jackson,First,A4,DEN
Tina Bryan,First,A5,DEN
Daniel Conway,First,A6,DEN
Sabrina Delacruz,First,B1,DEN
Kenneth Willis,First,B2,DEN
Crystal Strickland,First,B3,DEN
David Washington,First,B4,DEN
William Stewart,First,B5,DEN
Sandy Cooper,First,B6,DEN
Jesse Padilla,First,C1,DEN
Alejandro Lucero,First,C2,DEN
Justin Gonzalez,First,C3,DEN
Adam Stafford,First,C4,DEN
Alexander Thompson,First,C5,DEN
Andrea Rice,First,C6,DEN
Julie Mercado,Business,D1,DEN
Jordan Hall,Business,D2,DEN
Crystal Huerta,Business,D3,DEN
Jesse Morgan,Business,D4,DEN
Charles Phillips,Business,D5,DEN
Melissa Fry,Business,D6,DEN
Michael Rhodes,Business,E1,DEN
Gregory Choi,Business,E2,DEN
Justin Griffin,Business,E3,DEN
Ashley Herrera,Business,E4,DEN
Amy Barnes,Business,E5,DEN
Tracey Castillo,Business,E6,DEN
April Buckley,Business,F1,DEN
Glen Kennedy,Business,F2,DEN
George Shah,Business,F3,DEN
Richard Long,Business,F4,DEN
Alicia Mckenzie,Business,F5,DEN
Anthony Lopez,Business,F6,DEN
Antonio Gonzales,Business,G1,DEN
Jason Brandt,Business,G2,DEN
Kevin Woods,Business,G3,DEN
Michelle Gill,Business,G4,DEN
Kevin Houston,Business,G5,DEN
Michael Johnson,Business,G6,DEN
Erica House,Business,H1,DEN
April Smith,Business,H2,DEN
Jonathan Walsh,Business,H3,DEN
Jon Hahn,Business,H4,DEN
Steven Lane,Business,H5,DEN
Ashley Woodard,Business,H6,DEN
George Ortega,Economy,I1,DEN
Adam Bolton,Economy,I2,DEN
Larry Watson,Economy,I3,DEN
Christina White,Economy,I4,DEN
Jessica Taylor,Economy,I5,DEN
Gabrielle Park,Economy,I6,DEN
Keith Benjamin,Economy,J1,DEN
Scott Palmer,Economy,J2,DEN
Jeffrey Mcdaniel,Economy,J3,DEN
Jared Sanders,Economy,J4,DEN
Cynthia Garza,Economy,J5,DEN
Peter Ayala,Economy,J6,DEN
Brandon Kennedy,Economy,K1,DEN
Lawrence Shepherd,Economy,K2,DEN
Kimberly Diaz,Economy,K3,DEN
Travis Sloan,Economy,K4,DEN
Dana Reid,Economy,K5,DEN
Lauren Brown,Economy,K6,DEN
Rachel Taylor,Economy,L1,DEN
Gabrielle Moore,Economy,L2,DEN
Mary Johnson,Economy,L3,DEN
Kimberly Molina,Economy,L4,DEN
Dustin Robertson,Economy,L5,DEN
Lauren Aguilar,Economy,L6,DEN
Janet Hudson,Economy,M1,DEN
Kenneth Burke,Economy,M2,DEN
Christopher Phelps,Economy,M3,DEN
Reginald Franklin,Economy,M4,DEN
Jeffrey Bowman PhD,Economy,M5,DEN
David Fox,Economy,M6,DEN
Philip Melendez,Economy,N1,DEN
Trevor Schultz,Economy,N2,DEN
Alan Wilson,Economy,N3,DEN
Kimberly Morris,Economy,N4,DEN
Erin Bryant,Economy,N5,DEN
Rachael Ruiz,Economy,N6,DEN
Phillip Scott,Economy,O1,DEN
Kathleen Nguyen,Economy,O2,DEN
Katelyn Marsh,Economy,O3,DEN
Michael Bass,Economy,O4,DEN
William Caldwell,Economy,O5,DEN
Derek Diaz,Economy,O6,DEN
Ryan Wilson,Economy,P1,DEN
Veronica Anderson,Economy,P2,DEN
Nicole Patel,Economy,P3,DEN
Ryan Brown,Economy,P4,DEN
Kelsey Burch,Economy,P5,DEN
Angela Nash,Economy,P6,DEN
Jennifer Mcbride,Economy,Q1,DEN
Patrick Clark,Economy,Q2,DEN
David Moss,Economy,Q3,DEN
Joseph King,Economy,Q4,DEN
Tracy Campbell,Economy,Q5,DEN
Nancy Church,Economy,Q6,DEN
Bethany Huffman,Economy,R1,DEN
Kevin Murphy,Economy,R2,DEN
Rebecca Garrison,Economy,R3,DEN
Lacey Lee,Economy,R4,DEN
Jennifer Henry,Economy,R5,DEN
Michelle Hall,Economy,R6,DEN
Rachel Ortiz,Economy,S1,DEN
Derek Johnson,Economy,S2,DEN
Lori Hodges,Economy,S3,DEN
James Scott,Economy,S4,DEN
Francis Avila,Economy,S5,DEN
Timothy Simpson,Economy,S6,DEN
Jade Hensley,Economy,T1,DEN
Joseph Smith,Economy,T2,DEN
Elizabeth Patterson,Economy,T3,DEN
Patrick Douglas,Economy,T4,DEN
Anthony Foster,Economy,T5,DEN
Mrs. Mary Pugh,Economy,T6,DEN
Stacey Huffman,Economy,U1,DEN
Eric Williams,Economy,U2,DEN
Catherine Norton,Economy,U3,DEN
Edward Griffin,Economy,U4,DEN
Tara Ayala,Economy,U5,DEN
Barbara Thomas,Economy,U6,DEN
Devon Gray,Economy,V1,DEN
William Lopez,Economy,V2,DEN
Barbara Key,Economy,V3,DEN
Veronica Davis,Economy,V4,DEN
Mrs. Karen Pena,Economy,V5,DEN
James Booth,Economy,V6,DEN
Christopher Lang,Economy,W1,DEN
Tony Watts,Economy,W2,DEN
Glenn Morrison,Economy,W3,DEN
Rachael Kelly,Economy,W4,DEN
Matthew Sanchez,Economy,W5,DEN
Desiree King,Economy,W6,DEN
Lisa Cook,Economy,X1,DEN
Terri Ward,Economy,X2,DEN
Barbara Mason,Economy,X3,DEN
Sarah Melton,Economy,X4,DEN
Benjamin Peterson,Economy,X5,DEN
Spencer Aguilar,Economy,X6,DEN
Stacy Walker,Economy,Y1,DEN
Vicki Evans,Economy,Y2,DEN
Sherri Barton,Economy,Y3,DEN
Danielle Vega,Economy,Y4,DEN
Tony Johnson,Economy,Y5,DEN
Julie Berry,Economy,Y6,DEN
Jacqueline White,Economy,Z1,DEN
Angela Mayo,Economy,Z2,DEN
Brandy Smith,Economy,Z3,DEN
Howard Reyes,Economy,Z4,DEN
David Sullivan,Economy,Z5,DEN
Lauren Black,Economy,Z6,DEN
Julie Baker,First,A1,JFK
Anthony Espinoza,First,A2,JFK
Jeanette Brown,First,A3,JFK
Nichole Orozco,First,A4,JFK
Sharon Haley,First,A5,JFK
Cheryl Little,First,A6,JFK
Catherine Cox,First,B1,JFK
Brian Ramirez,First,B2,JFK
Ryan Hebert,First,B3,JFK
Jill Dixon,First,B4,JFK
Jamie Davis,First,B5,JFK
Sean Hamilton Jr.,First,B6,JFK
Robert Cowan,First,C1,JFK
Adam Holmes,First,C2,JFK
Sean Murphy,First,C3,JFK
Jason Parks,First,C4,JFK
April Wilson,First,C5,JFK
Tommy Johnson,First,C6,JFK
Sherry Hogan,Business,D1,JFK
Cheyenne French,Business,D2,JFK
Emily Henderson,Business,D3,JFK
Franklin Williams,Business,D4,JFK
Catherine Leach,Business,D5,JFK
Darrell Yu,Business,D6,JFK
Crystal Herrera,Business,E1,JFK
Michael Patterson,Business,E2,JFK
Natalie Contreras,Business,E3,JFK
Roger Hanson,Business,E4,JFK
James Krueger,Business,E5,JFK
Deborah Mason,Business,E6,JFK
Stephanie Bridges,Business,F1,JFK
Thomas Hansen,Business,F2,JFK
Jordan Moore,Business,F3,JFK
Katie Torres,Business,F4,JFK
Debra Johnson,Business,F5,JFK
Kelly Stone,Business,F6,JFK
Darlene Meyers,Business,G1,JFK
Mary Houston DDS,Business,G2,JFK
Bethany Cooper,Business,G3,JFK
Erika Wright,Business,G4,JFK
John Watts DDS,Business,G5,JFK
Jillian Guerra,Business,G6,JFK
Jacob Medina,Business,H1,JFK
Jennifer Morrison,Business,H2,JFK
Joel Williams,Business,H3,JFK
Robert Grant,Business,H4,JFK
Tara Sosa,Business,H5,JFK
Heather Guzman,Business,H6,JFK
Casey Newman,Economy,I1,JFK
Cheyenne Smith,Economy,I2,JFK
Michelle Green,Economy,I3,JFK
Jennifer Long,Economy,I4,JFK
Jennifer Chapman,Economy,I5,JFK
Mr. Spencer Copeland,Economy,I6,JFK
Joseph Lang,Economy,J1,JFK
Richard Sanchez,Economy,J2,JFK
Stacy Hubbard,Economy,J3,JFK
Antonio Robinson,Economy,J4,JFK
Phillip Floyd,Economy,J5,JFK
Erika Smith,Economy,J6,JFK
Mr. Jeremy Kim,Economy,K1,JFK
Andrea Best,Economy,K2,JFK
Michele Crawford,Economy,K3,JFK
Sydney Brennan,Economy,K4,JFK
Monica Johnson,Economy,K5,JFK
Melissa Black,Economy,K6,JFK
Mary Williams,Economy,L1,JFK
Steven Morales,Economy,L2,JFK
Christina Coffey,Economy,L3,JFK
Lauren Gonzalez,Economy,L4,JFK
Tyler Velazquez,Economy,L5,JFK
Heather Wade,Economy,L6,JFK
Norman Tapia MD,Economy,M1,JFK
Stephanie Lawson,Economy,M2,JFK
Michael Stein,Economy,M3,JFK
Roger Stein,Economy,M4,JFK
Caleb Walker,Economy,M5,JFK
Andrew Nguyen III,Economy,M6,JFK
Ms. Ruth Harmon,Economy,N1,JFK
Sarah Ramirez,Economy,N2,JFK
Daniel Jackson,Economy,N3,JFK
Joshua Lewis,Economy,N4,JFK
Nicholas Mullins,Economy,N5,JFK
Kyle Rodriguez,Economy,N6,JFK
Kimberly Walls,Economy,O1,JFK
Brenda White,Economy,O2,JFK
James Taylor,Economy,O3,JFK
Tamara Gomez,Economy,O4,JFK
Robert Phillips,Economy,O5,JFK
Jennifer Scott,Economy,O6,JFK
Nina Perry,Economy,P1,JFK
Wesley Greer,Economy,P2,JFK
Jose Scott,Economy,P3,JFK
Brandon Smith,Economy,P4,JFK
Rhonda Powell,Economy,P5,JFK
Megan Patterson,Economy,P6,JFK
Lauren Campbell,Economy,Q1,JFK
Kristin Calderon,Economy,Q2,JFK
William Diaz,Economy,Q3,JFK
Cathy Williams,Economy,Q4,JFK
Bryan Davis,Economy,Q5,JFK
Dennis Rodriguez,Economy,Q6,JFK
David Jones,Economy,R1,JFK
Rhonda Sanders,Economy,R2,JFK
Patricia Pearson,Economy,R3,JFK
Maria Bauer,Economy,R4,JFK
Kathryn Harper,Economy,R5,JFK
Ana Byrd,Economy,R6,JFK
Joe Gonzalez,Economy,S1,JFK
Mary Rhodes,Economy,S2,JFK
Christopher Pittman,Economy,S3,JFK
Joshua Ortiz,Economy,S4,JFK
Barry Curtis,Economy,S5,JFK
Mary Bryant,Economy,S6,JFK
Kevin Campbell,Economy,T1,JFK
Heather Allison,Economy,T2,JFK
Dennis Mcdonald,Economy,T3,JFK
Kimberly Robbins,Economy,T4,JFK
James Martin,Economy,T5,JFK
Katrina Holland,Economy,T6,JFK
Gregory Greer,Economy,U1,JFK
Kathleen Stafford,Economy,U2,JFK
Sarah Lester,Economy,U3,JFK
Dr. Patrick Peck,Economy,U4,JFK
Ebony Jones,Economy,U5,JFK
Katie Hernandez,Economy,U6,JFK
Jeremy Ware,Economy,V1,JFK
Michael Richards,Economy,V2,JFK
Michael Jackson,Economy,V3,JFK
Amy Ochoa,Economy,V4,JFK
Colin Fitzpatrick,Economy,V5,JFK
Heidi Burton,Economy,V6,JFK
Maxwell Rodriguez,Economy,W1,JFK
Candice Gutierrez,Economy,W2,JFK
Claudia Turner,Economy,W3,JFK
Jorge Moran,Economy,W4,JFK
Cody Trevino,Economy,W5,JFK
Brandon Clark,Economy,W6,JFK
Gina Krueger,Economy,X1,JFK
Nicholas Campos,Economy,X2,JFK
Brian Black,Economy,X3,JFK
Valerie Rivera,Economy,X4,JFK
Jennifer Miller,Economy,X5,JFK
Daniel Garcia,Economy,X6,JFK
James Zamora,Economy,Y1,JFK
Katie Kennedy,Economy,Y2,JFK
Destiny Jones,Economy,Y3,JFK
Jason Smith,Economy,Y4,JFK
Christopher Edwards,Economy,Y5,JFK
Christine Garrett DVM,Economy,Y6,JFK
Adrienne Wheeler,Economy,Z1,JFK
Brian Smith,Economy,Z2,JFK
Grace Durham,Economy,Z3,JFK
Diana Wright,Economy,Z4,JFK
Jonathan Werner,Economy,Z5,JFK
Jackson Harrell,Economy,Z6,JFK
Kevin Stanton DVM,First,A1,SFO
William Bailey,First,A2,SFO
Tonya Ruiz,First,A3,SFO
Darryl Meyer,First,A4,SFO
Michelle Chang,First,A5,SFO
Tina Ford,First,A6,SFO
Steven Mccarthy,First,B1,SFO
Daniel Hampton,First,B2,SFO
Holly James,First,B3,SFO
Victoria Bryant,First,B4,SFO
Kaitlyn Kelly,First,B5,SFO
Michael Mann,First,B6,SFO
Allison Welch,First,C1,SFO
Nancy Clayton,First,C2,SFO
Carolyn Thompson,First,C3,SFO
Darrell Anderson,First,C4,SFO
Amanda Marquez,First,C5,SFO
Sabrina Wright,First,C6,SFO
Jacob Flores,Business,D1,SFO
Dr. Anne Shelton,Business,D2,SFO
Gary Allen,Business,D3,SFO
Hannah Allen,Business,D4,SFO
Ashley Palmer,Business,D5,SFO
Jacqueline Villanueva,Business,D6,SFO
Jessica Williams,Business,E1,SFO
Jason Hardy,Business,E2,SFO
Teresa Contreras,Business,E3,SFO
Sydney Robertson,Business,E4,SFO
Leah Mendoza,Business,E5,SFO
Edward Deleon,Business,E6,SFO
Lisa Dean,Business,F1,SFO
Kimberly Waters,Business,F2,SFO
Charles Brady,Business,F3,SFO
Zachary Russell,Business,F4,SFO
Tina Hill,Business,F5,SFO
Nicole Holland DVM,Business,F6,SFO
Jon Saunders,Business,G1,SFO
Travis Brown,Business,G2,SFO
Nicholas Gonzales,Business,G3,SFO
Billy Collier,Business,G4,SFO
Donald Gay,Business,G5,SFO
Rachel Patel,Business,G6,SFO
Elizabeth Vargas,Business,H1,SFO
Samantha Richards,Business,H2,SFO
Vanessa Ramos,Business,H3,SFO
Melissa Bonilla,Business,H4,SFO
Sarah Dominguez,Business,H5,SFO
Sonya Johnson,Business,H6,SFO
Roger Olsen,Economy,I1,SFO
Steven Gonzalez,Economy,I2,SFO
Stacey Ball,Economy,I3,SFO
Emily Coleman,Economy,I4,SFO
Crystal Knox,Economy,I5,SFO
Brian Bates,Economy,I6,SFO
Christopher Henderson,Economy,J1,SFO
Laura Hancock,Economy,J2,SFO
Ian Blevins,Economy,J3,SFO
Robert Ortiz,Economy,J4,SFO
Cynthia Johnson,Economy,J5,SFO
Shannon Tucker,Economy,J6,SFO
Roy Alvarez,Economy,K1,SFO
Levi Baker,Economy,K2,SFO
Jamie Wilson,Economy,K3,SFO
Wesley Ward,Economy,K4,SFO
Lisa Greer,Economy,K5,SFO
Nicholas Rodgers,Economy,K6,SFO
Paige Mclaughlin,Economy,L1,SFO
Jeremy Craig,Economy,L2,SFO
Laura Ramirez,Economy,L3,SFO
Don Hernandez,Economy,L4,SFO
Shane Sosa,Economy,L5,SFO
Eric Tate,Economy,L6,SFO
Karen Meadows,Economy,M1,SFO
Veronica Powell,Economy,M2,SFO
Antonio Wright,Economy,M3,SFO
Emily Moses,Economy,M4,SFO
Diana Velasquez,Economy,M5,SFO
Brett Wilson,Economy,M6,SFO
Jennifer Burns,Economy,N1,SFO
Karen Castro,Economy,N2,SFO
Dr. Michael Valencia DVM,Economy,N3,SFO
Nancy Hernandez,Economy,N4,SFO
George Sullivan,Economy,N5,SFO
Kelly Graves,Economy,N6,SFO
Natasha Anderson,Economy,O1,SFO
Dalton Sellers,Economy,O2,SFO
Tiffany Lopez,Economy,O3,SFO
Misty Brown,Economy,O4,SFO
Thomas Park,Economy,O5,SFO
Joshua Murray,Economy,O6,SFO
Michael Brewer,Economy,P1,SFO
Brittany Barr,Economy,P2,SFO
Daniel Brown,Economy,P3,SFO
Abigail Jenkins,Economy,P4,SFO
Jacqueline Chang MD,Economy,P5,SFO
Amanda Ibarra,Economy,P6,SFO
John Gray,Economy,Q1,SFO
Lauren Jimenez,Economy,Q2,SFO
Randall Rosales,Economy,Q3,SFO
Timothy Adkins,Economy,Q4,SFO
Kimberly King,Economy,Q5,SFO
James Jackson,Economy,Q6,SFO
Willie Mcdonald,Economy,R1,SFO
Ashley Johnson,Economy,R2,SFO
Ariel Williams,Economy,R3,SFO
Miguel Armstrong,Economy,R4,SFO
Selena Parker,Economy,R5,SFO
John Doyle,Economy,R6,SFO
Michael Bridges,Economy,S1,SFO
Lauren Davis,Economy,S2,SFO
Barbara Rangel,Economy,S3,SFO
Timothy Mckinney,Economy,S4,SFO
Ann Le,Economy,S5,SFO
Sara Martin,Economy,S6,SFO
Rebecca Lee,Economy,T1,SFO
Jamie Green,Economy,T2,SFO
Sarah Mills,Economy,T3,SFO
Meghan Cook,Economy,T4,SFO
Robert Berg,Economy,T5,SFO
Donna Freeman,Economy,T6,SFO
Justin Carter,Economy,U1,SFO
Jamie Ortega,Economy,U2,SFO
Donald Tran,Economy,U3,SFO
Amy Robinson,Economy,U4,SFO
Laura Alvarado,Economy,U5,SFO
Daniel Patton,Economy,U6,SFO
Paul Woods,Economy,V1,SFO
James Smith,Economy,V2,SFO
Joshua White,Economy,V3,SFO
Austin Ortiz,Economy,V4,SFO
Erin Stephens,Economy,V5,SFO
Brittany Lewis,Economy,V6,SFO
Mr. Gerald Cole,Economy,W1,SFO
Thomas Harvey,Economy,W2,SFO
Nathaniel Choi,Economy,W3,SFO
Roger Johnson,Economy,W4,SFO
Andrew Fuller,Economy,W5,SFO
Patricia Brown,Economy,W6,SFO
Wendy Garza,Economy,X1,SFO
Kimberly Chase,Economy,X2,SFO
Kevin Sanders,Economy,X3,SFO
Benjamin Vang,Economy,X4,SFO
Valerie Johnson,Economy,X5,SFO
Hannah Zimmerman,Economy,X6,SFO
Christine Lopez,Economy,Y1,SFO
Ashley Hoffman,Economy,Y2,SFO
Cindy Haney,Economy,Y3,SFO
Melissa Murphy,Economy,Y4,SFO
Patricia Jarvis,Economy,Y5,SFO
David Wilson,Economy,Y6,SFO
Lori Lee,Economy,Z1,SFO
Donald Richardson,Economy,Z2,SFO
Sandra Carroll,Economy,Z3,SFO
Zachary Lane,Economy,Z4,SFO
Paul Levy,Economy,Z5,SFO
Kerry Short,Economy,Z6,SFO
Robin Thompson,First,A1,CLT
David Gardner,First,A2,CLT
Sherri Santiago,First,A3,CLT
Michelle Sweeney,First,A4,CLT
Jared Walker,First,A5,CLT
Nicholas Rice,First,A6,CLT
Julia Franco,First,B1,CLT
Tyler Davis,First,B2,CLT
Danny Trujillo,First,B3,CLT
Laura Gray,First,B4,CLT
Raymond Li,First,B5,CLT
Lori Savage,First,B6,CLT
Antonio Ellis,First,C1,CLT
Lori Stark,First,C2,CLT
Tiffany Cabrera,First,C3,CLT
Tammy Richardson,First,C4,CLT
Sabrina Arias,First,C5,CLT
Kevin Munoz,First,C6,CLT
Eric Robinson,Business,D1,CLT
Alison Long,Business,D2,CLT
Laura Diaz,Business,D3,CLT
Karen Wallace,Business,D4,CLT
Dorothy West,Business,D5,CLT
Darrell Caldwell,Business,D6,CLT
Adam Obrien,Business,E1,CLT
April Schultz,Business,E2,CLT
Emily Ross,Business,E3,CLT
Joshua Perry,Business,E4,CLT
Laura Fowler,Business,E5,CLT
Edward Morris DDS,Business,E6,CLT
Rebecca Thompson MD,Business,F1,CLT
Rachael Smith DVM,Business,F2,CLT
Hunter Moreno,Business,F3,CLT
Nicholas Mccall,Business,F4,CLT
Breanna Murphy,Business,F5,CLT
Cynthia Rodriguez,Business,F6,CLT
Katherine Fuller,Business,G1,CLT
Rebecca Buchanan,Business,G2,CLT
Stephanie Johnson,Business,G3,CLT
Timothy Smith,Business,G4,CLT
Gail Richardson,Business,G5,CLT
Dawn Taylor DVM,Business,G6,CLT
Michael Thomas,Business,H1,CLT
Eric Quinn,Business,H2,CLT
David Gonzalez,Business,H3,CLT
Emily Williams,Business,H4,CLT
Cheryl Kelly,Business,H5,CLT
Carolyn Schaefer,Business,H6,CLT
James Turner,Economy,I1,CLT
Richard Romero,Economy,I2,CLT
Gary Pitts,Economy,I3,CLT
Mario Mays DVM,Economy,I4,CLT
Tim Porter,Economy,I5,CLT
Cindy Wallace,Economy,I6,CLT
Thomas Chambers,Economy,J1,CLT
Robert Reese,Economy,J2,CLT
Brittany Franco,Economy,J3,CLT
William Hill,Economy,J4,CLT
Mr. Nathan Shaffer,Economy,J5,CLT
Melvin Grimes,Economy,J6,CLT
Tracey Flores,Economy,K1,CLT
James Dunlap,Economy,K2,CLT
Kyle Fields,Economy,K3,CLT
David Holloway,Economy,K4,CLT
Donald Crane,Economy,K5,CLT
Madeline Barber,Economy,K6,CLT
Laura Wallace,Economy,L1,CLT
Robin Sawyer,Economy,L2,CLT
Crystal Harper,Economy,L3,CLT
Kyle Bryant,Economy,L4,CLT
Keith Barton,Economy,L5,CLT
Brittney Williams,Economy,L6,CLT
Lee Clark,Economy,M1,CLT
Chelsea King,Economy,M2,CLT
Mary Yang,Economy,M3,CLT
Patricia Moon,Economy,M4,CLT
Jacob Harris III,Economy,M5,CLT
Roberto Kim,Economy,M6,CLT
Taylor Townsend,Economy,N1,CLT
Jennifer Jones,Economy,N2,CLT
Stacey Taylor,Economy,N3,CLT
John Best,Economy,N4,CLT
John Nelson,Economy,N5,CLT
Peter Fowler,Economy,N6,CLT
Tara Cooper,Economy,O1,CLT
Douglas West,Economy,O2,CLT
Sarah Spencer,Economy,O3,CLT
Sara Bailey,Economy,O4,CLT
Kathryn Edwards,Economy,O5,CLT
Jade Schmidt,Economy,O6,CLT
Terri Martin,Economy,P1,CLT
Leah Drake,Economy,P2,CLT
Erika Carey,Economy,P3,CLT
Miguel Hamilton,Economy,P4,CLT
Sean Smith,Economy,P5,CLT
Patrick Allen,Economy,P6,CLT
Denise Oliver,Economy,Q1,CLT
Ashley White,Economy,Q2,CLT
Anthony Cameron,Economy,Q3,CLT
Holly Robertson,Economy,Q4,CLT
James Johnson,Economy,Q5,CLT
Ryan Martinez,Economy,Q6,CLT
David Burgess,Economy,R1,CLT
Mark Gray,Economy,R2,CLT
Rhonda Pena,Economy,R3,CLT
James Nielsen,Economy,R4,CLT
Samantha Rodriguez,Economy,R5,CLT
Kathryn Davis,Economy,R6,CLT
Amber Baker,Economy,S1,CLT
Jill Hahn,Economy,S2,CLT
Jessica Baker,Economy,S3,CLT
James Scott,Economy,S4,CLT
Danielle Nguyen,Economy,S5,CLT
Christian Alvarado,Economy,S6,CLT
Margaret Miller,Economy,T1,CLT
Joseph Townsend,Economy,T2,CLT
Andrea Scott,Economy,T3,CLT
Andrew White,Economy,T4,CLT
Kim Walker,Economy,T5,CLT
Roger Alvarez,Economy,T6,CLT
Glenn Norman,Economy,U1,CLT
Lisa Ramirez,Economy,U2,CLT
Richard Cox,Economy,U3,CLT
Carrie Lopez,Economy,U4,CLT
Edward Olson,Economy,U5,CLT
Edward Ramsey,Economy,U6,CLT
Thomas Koch,Economy,V1,CLT
Tyler Smith,Economy,V2,CLT
Chad Cain,Economy,V3,CLT
Kimberly Brewer,Economy,V4,CLT
Alex Bryant,Economy,V5,CLT
Sherry Fowler,Economy,V6,CLT
Jeffrey Thompson,Economy,W1,CLT
Marcus Meyer,Economy,W2,CLT
Laura Jefferson,Economy,W3,CLT
Melanie Myers,Economy,W4,CLT
Michael Roberson,Economy,W5,CLT
Nicholas Rodriguez,Economy,W6,CLT
Karen Rivas,Economy,X1,CLT
Diane Nicholson,Economy,X2,CLT
Tyler Anderson,Economy,X3,CLT
Karen Mitchell,Economy,X4,CLT
Jeremy Smith,Economy,X5,CLT
David Ortiz,Economy,X6,CLT
Jessica Best,Economy,Y1,CLT
Joshua Clark,Economy,Y2,CLT
Debbie Lewis,Economy,Y3,CLT
Stephanie Allen,Economy,Y4,CLT
Austin Roberts,Economy,Y5,CLT
Jenny Robinson,Economy,Y6,CLT
Frank Clark,Economy,Z1,CLT
Donald Leblanc,Economy,Z2,CLT
Jerry Hill,Economy,Z3,CLT
Sarah Washington,Economy,Z4,CLT
Brittany Cardenas,Economy,Z5,CLT
Rodney James,Economy,Z6,CLT
Daniel Castaneda,First,A1,LAS
Margaret Mccoy,First,A2,LAS
Brian Yoder,First,A3,LAS
James Hudson,First,A4,LAS
Nancy Charles,First,A5,LAS
William Bradley,First,A6,LAS
Cody Jackson,First,B1,LAS
Michael Stewart,First,B2,LAS
Anthony Hicks,First,B3,LAS
Kevin Hamilton,First,B4,LAS
Daniel Steele,First,B5,LAS
Katherine Patterson,First,B6,LAS
Paul Alvarado,First,C1,LAS
Amy Mcmillan,First,C2,LAS
Erika Collins,First,C3,LAS
Terry Anderson,First,C4,LAS
Lisa Barron,First,C5,LAS
Jackie Morrison,First,C6,LAS
Logan Ramirez,Business,D1,LAS
Tiffany Kelley,Business,D2,LAS
Keith Ayala,Business,D3,LAS
Thomas Kelly,Business,D4,LAS
Kimberly Warren,Business,D5,LAS
Jennifer Graham,Business,D6,LAS
Michael Foster,Business,E1,LAS
Tina Roth,Business,E2,LAS
Ashley Peterson,Business,E3,LAS
Dawn Frost,Business,E4,LAS
Sarah Burns,Business,E5,LAS
Jennifer Clark,Business,E6,LAS
Aaron Anderson,Business,F1,LAS
David Hendrix,Business,F2,LAS
Richard Mccormick,Business,F3,LAS
Eddie Thornton,Business,F4,LAS
Jennifer Evans,Business,F5,LAS
Clifford Kennedy,Business,F6,LAS
Alexander Walker,Business,G1,LAS
Christina Shaw,Business,G2,LAS
Jade Schmitt,Business,G3,LAS
Stephanie Alexander,Business,G4,LAS
Kristi Wyatt,Business,G5,LAS
Michael York,Business,G6,LAS
Carlos Sharp,Business,H1,LAS
Emma Rodriguez,Business,H2,LAS
Lindsey White,Business,H3,LAS
William Johnson,Business,H4,LAS
Ryan Martinez,Business,H5,LAS
Edward Hughes,Business,H6,LAS
Greg Sanchez,Economy,I1,LAS
Christopher Haas,Economy,I2,LAS
Nathan Meyer,Economy,I3,LAS
Cathy Rose,Economy,I4,LAS
Andrea Butler,Economy,I5,LAS
Sarah Berry,Economy,I6,LAS
Billy Rosales,Economy,J1,LAS
Aaron Reynolds,Economy,J2,LAS
Tyler Browning,Economy,J3,LAS
Michael Mccullough,Economy,J4,LAS
Nichole Wheeler,Economy,J5,LAS
Robert Hampton,Economy,J6,LAS
Stephanie Rodriguez,Economy,K1,LAS
Larry Moreno,Economy,K2,LAS
Sarah Finley,Economy,K3,LAS
Tyler Shelton,Economy,K4,LAS
Nicholas Lewis,Economy,K5,LAS
Reginald Davis,Economy,K6,LAS
William Patterson,Economy,L1,LAS
Terri Tyler,Economy,L2,LAS
Mark Davis,Economy,L3,LAS
Renee Johnson,Economy,L4,LAS
Melissa Shepherd,Economy,L5,LAS
Kara Meadows,Economy,L6,LAS
Sarah Wilson,Economy,M1,LAS
Jennifer Benton,Economy,M2,LAS
Tasha Martin,Economy,M3,LAS
Michael Reyes,Economy,M4,LAS
Latasha Williams,Economy,M5,LAS
John Hernandez,Economy,M6,LAS
Kelly Steele,Economy,N1,LAS
John White,Economy,N2,LAS
Andrea Stuart,Economy,N3,LAS
Dawn Gibson,Economy,N4,LAS
Veronica Lowery,Economy,N5,LAS
Holly Grant,Economy,N6,LAS
Brandon Beasley,Economy,O1,LAS
Austin Thompson,Economy,O2,LAS
Michele Kirk,Economy,O3,LAS
Jacob Boone,Economy,O4,LAS
Erika Hawkins,Economy,O5,LAS
Angela Kirk,Economy,O6,LAS
David Morales,Economy,P1,LAS
Erin Solomon,Economy,P2,LAS
Todd Davis,Economy,P3,LAS
Teresa Rodriguez,Economy,P4,LAS
Jeremiah Ball,Economy,P5,LAS
Krystal Mason,Economy,P6,LAS
John Miller,Economy,Q1,LAS
Andrea Gonzalez,Economy,Q2,LAS
Linda Wilson,Economy,Q3,LAS
Jesse Russell,Economy,Q4,LAS
John Rice,Economy,Q5,LAS
Mary Martinez,Economy,Q6,LAS
Stephanie Oliver,Economy,R1,LAS
Dustin Chavez,Economy,R2,LAS
Linda Walter,Economy,R3,LAS
Andrea Lewis,Economy,R4,LAS
David Miller,Economy,R5,LAS
Craig Harris,Economy,R6,LAS
Dr. Timothy Ruiz,Economy,S1,LAS
Jennifer Sanders,Economy,S2,LAS
Jeremy Solis,Economy,S3,LAS
Megan Cantrell,Economy,S4,LAS
Eric Costa,Economy,S5,LAS
Gary Scott,Economy,S6,LAS
Michael Reed,Economy,T1,LAS
Matthew Mccarty,Economy,T2,LAS
Kathy Bartlett,Economy,T3,LAS
Jade Martin,Economy,T4,LAS
Marc Lewis,Economy,T5,LAS
Caitlin Cochran,Economy,T6,LAS
Chloe Braun,Economy,U1,LAS
Amber Mcmillan,Economy,U2,LAS
Sarah Pearson,Economy,U3,LAS
Alexander Bennett,Economy,U4,LAS
Juan Reeves,Economy,U5,LAS
Joseph Frey,Economy,U6,LAS
Nicole Stephenson,Economy,V1,LAS
James Morgan,Economy,V2,LAS
Todd Haynes,Economy,V3,LAS
Julie Gonzalez,Economy,V4,LAS
Christopher Porter,Economy,V5,LAS
Amanda Hayes,Economy,V6,LAS
Jaime Smith,Economy,W1,LAS
Jessica Mckee,Economy,W2,LAS
Angel Hunt,Economy,W3,LAS
Kelly Bishop,Economy,W4,LAS
Christopher Diaz,Economy,W5,LAS
Teresa Johnson,Economy,W6,LAS
Terry Watkins,Economy,X1,LAS
Randy Davis,Economy,X2,LAS
Mark Massey,Economy,X3,LAS
Ryan Stanley,Economy,X4,LAS
Tyler Parrish,Economy,X5,LAS
Emily Cooke,Economy,X6,LAS
Joseph Campbell,Economy,Y1,LAS
Stephen Garcia,Economy,Y2,LAS
Daniel Jackson,Economy,Y3,LAS
Christine Smith,Economy,Y4,LAS
Arthur Baldwin DDS,Economy,Y5,LAS
Christine Love,Economy,Y6,LAS
Erin Small,Economy,Z1,LAS
Mrs. Tammy Jefferson MD,Economy,Z2,LAS
Michael Mata,Economy,Z3,LAS
Jennifer Johnson,Economy,Z4,LAS
Kenneth Booker,Economy,Z5,LAS
Beth Bailey,Economy,Z6,LAS
Sandra Reed,First,A1,PHX
Tara Hernandez,First,A2,PHX
Jason Bradshaw,First,A3,PHX
Bailey Morris PhD,First,A4,PHX
Nicole Bullock,First,A5,PHX
David Willis,First,A6,PHX
Sarah Zuniga,First,B1,PHX
Christopher Rogers,First,B2,PHX
Robert Davis,First,B3,PHX
Patrick Briggs,First,B4,PHX
James Smith,First,B5,PHX
Jonathan Gilbert,First,B6,PHX
Kristine Schultz,First,C1,PHX
Michelle House,First,C2,PHX
Vanessa Johnson,First,C3,PHX
Sierra Nelson,First,C4,PHX
Kim Graves,First,C5,PHX
Stacey Smith,First,C6,PHX
Carly Ross,Business,D1,PHX
Patrick Pierce,Business,D2,PHX
Katie Cruz DDS,Business,D3,PHX
Rebecca Sandoval,Business,D4,PHX
Manuel Joyce,Business,D5,PHX
Ryan Adams,Business,D6,PHX
William Griffin,Business,E1,PHX
Julia Kim,Business,E2,PHX
Evan Stewart,Business,E3,PHX
Bryan Escobar,Business,E4,PHX
Ronald Schaefer,Business,E5,PHX
Andrew Robbins,Business,E6,PHX
Michael Moreno,Business,F1,PHX
Joseph Kirby,Business,F2,PHX
Robin Porter,Business,F3,PHX
Darren Frazier,Business,F4,PHX
Stephanie Jensen MD,Business,F5,PHX
Mary Johnson,Business,F6,PHX
Dr. Luke Fleming,Business,G1,PHX
Maureen Riley,Business,G2,PHX
Timothy Greene,Business,G3,PHX
Sheila Stuart,Business,G4,PHX
Michael Hicks,Business,G5,PHX
Billy Moore,Business,G6,PHX
Scott Turner,Business,H1,PHX
David Fleming,Business,H2,PHX
Michael Clay,Business,H3,PHX
Bradley Spears,Business,H4,PHX
Tracy Lopez,Business,H5,PHX
Laura Diaz,Business,H6,PHX
Robert Bishop,Economy,I1,PHX
Todd Fuller,Economy,I2,PHX
Theresa Knight,Economy,I3,PHX
Vincent Phillips,Economy,I4,PHX
Matthew White,Economy,I5,PHX
Michael Cobb,Economy,I6,PHX
Jeremy Ross,Economy,J1,PHX
Tricia Vasquez,Economy,J2,PHX
Shelley White,Economy,J3,PHX
Joshua Alexander,Economy,J4,PHX
Brandon Finley,Economy,J5,PHX
Ryan Cox,Economy,J6,PHX
Daniel Wilson,Economy,K1,PHX
Chad Salazar,Economy,K2,PHX
Jonathan Wheeler,Economy,K3,PHX
Yolanda Norman,Economy,K4,PHX
Kathy Sparks,Economy,K5,PHX
Christopher Williams,Economy,K6,PHX
Lucas Michael,Economy,L1,PHX
Melissa Solis,Economy,L2,PHX
Jason Griffin,Economy,L3,PHX
Mark Richards,Economy,L4,PHX
Carly George,Economy,L5,PHX
Eric Fisher,Economy,L6,PHX
Patrick Mitchell,Economy,M1,PHX
Maxwell Byrd,Economy,M2,PHX
Bradley Griffith,Economy,M3,PHX
Allen Bryant,Economy,M4,PHX
Ryan Greene,Economy,M5,PHX
Eric Brown,Economy,M6,PHX
Brianna Stone,Economy,N1,PHX
Karen Miller,Economy,N2,PHX
Rachel Carr,Economy,N3,PHX
Tiffany Murray,Economy,N4,PHX
Mr. Johnny Turner,Economy,N5,PHX
Alejandro Kerr MD,Economy,N6,PHX
Thomas Collier,Economy,O1,PHX
Lynn Rodriguez,Economy,O2,PHX
Carrie Young,Economy,O3,PHX
Douglas Roach,Economy,O4,PHX
Kenneth Munoz,Economy,O5,PHX
Erik Murray,Economy,O6,PHX
Nathan Johnson MD,Economy,P1,PHX
Kristina Williams,Economy,P2,PHX
Thomas Graham,Economy,P3,PHX
Karen Velasquez,Economy,P4,PHX
Melissa Lewis,Economy,P5,PHX
Trevor Garrison,Economy,P6,PHX
Theresa Roberts,Economy,Q1,PHX
Marc Acosta,Economy,Q2,PHX
Elizabeth Salinas,Economy,Q3,PHX
Angela Arnold,Economy,Q4,PHX
Jennifer Tran,Economy,Q5,PHX
Nicholas Lawrence,Economy,Q6,PHX
Christopher Levine,Economy,R1,PHX
Russell Fuller,Economy,R2,PHX
Alexander Meyer,Economy,R3,PHX
Dale Welch,Economy,R4,PHX
Holly Bailey,Economy,R5,PHX
Phyllis Jones,Economy,R6,PHX
Todd Ferguson,Economy,S1,PHX
Joy Trevino,Economy,S2,PHX
Jasmine Mejia,Economy,S3,PHX
Brian Vega,Economy,S4,PHX
Morgan Fernandez,Economy,S5,PHX
Mindy Lewis,Economy,S6,PHX
Donald Smith,Economy,T1,PHX
Debra Nichols,Economy,T2,PHX
Carla Mason,Economy,T3,PHX
Alexis Evans,Economy,T4,PHX
Jacob Martin,Economy,T5,PHX
Cynthia Thompson,Economy,T6,PHX
Kyle Gilmore,Economy,U1,PHX
Michael Marquez,Economy,U2,PHX
Kenneth Carter,Economy,U3,PHX
Adrienne Swanson,Economy,U4,PHX
Christine Rodgers,Economy,U5,PHX
Valerie Johnson,Economy,U6,PHX
Maria Carter,Economy,V1,PHX
Cynthia Vance,Economy,V2,PHX
James Chase,Economy,V3,PHX
Victoria Jones,Economy,V4,PHX
Jason Hughes,Economy,V5,PHX
Christopher Moran,Economy,V6,PHX
Nathaniel Gonzales,Economy,W1,PHX
Christine Clements,Economy,W2,PHX
Shelby Thomas,Economy,W3,PHX
Nicole Leon,Economy,W4,PHX
Joshua Stone,Economy,W5,PHX
Helen Petty,Economy,W6,PHX
Peggy Tran,Economy,X1,PHX
Danielle May,Economy,X2,PHX
Lisa Robbins,Economy,X3,PHX
Charles Wilson,Economy,X4,PHX
Carol Cross,Economy,X5,PHX
Jacob Clayton,Economy,X6,PHX
Miss Olivia Miller,Economy,Y1,PHX
Ashley Flores,Economy,Y2,PHX
Sonya Chavez,Economy,Y3,PHX
Sherri Carlson,Economy,Y4,PHX
Arthur Rollins,Economy,Y5,PHX
James Owens,Economy,Y6,PHX
Robert Rivera,Economy,Z1,PHX
Bethany Lopez,Economy,Z2,PHX
Debra Meyer,Economy,Z3,PHX
Stephen Fleming,Economy,Z4,PHX
Leroy Lane,Economy,Z5,PHX
Karen Terry,Economy,Z6,PHX
Tammy Simon,First,A1,IAH
Lisa Oliver,First,A2,IAH
Albert Mullins,First,A3,IAH
Crystal Burton,First,A4,IAH
Michael Barber,First,A5,IAH
Dr. Sara Moss,First,A6,IAH
Tara Lee,First,B1,IAH
Melissa Garcia,First,B2,IAH
Richard Knight,First,B3,IAH
Robin Davis,First,B4,IAH
Kent Rivera,First,B5,IAH
Scott Bailey,First,B6,IAH
Kiara White,First,C1,IAH
Lance Graves,First,C2,IAH
Regina Murphy,First,C3,IAH
Mary Lindsey,First,C4,IAH
Timothy Hernandez,First,C5,IAH
Richard Russell,First,C6,IAH
David Williams,Business,D1,IAH
David Bray,Business,D2,IAH
Michelle Barnett,Business,D3,IAH
Matthew Stewart,Business,D4,IAH
Donald Reese,Business,D5,IAH
Patrick Jones,Business,D6,IAH
Peter Washington,Business,E1,IAH
Gary Perry,Business,E2,IAH
Crystal Huffman,Business,E3,IAH
Bryan Santos,Business,E4,IAH
Christina Hudson,Business,E5,IAH
Sara Young,Business,E6,IAH
Steven Barry,Business,F1,IAH
George Buchanan,Business,F2,IAH
Kristina Osborne,Business,F3,IAH
Wendy Lewis,Business,F4,IAH
Julie Thompson,Business,F5,IAH
Diana Mcknight,Business,F6,IAH
Lawrence Wilson,Business,G1,IAH
Miss Tonya Lawson,Business,G2,IAH
Brenda Jones,Business,G3,IAH
Justin Peterson,Business,G4,IAH
Amber Jackson,Business,G5,IAH
Terry Aguirre,Business,G6,IAH
Christina Taylor,Business,H1,IAH
Ronald Boyer,Business,H2,IAH
Michael Butler,Business,H3,IAH
Brandy Cisneros,Business,H4,IAH
Frank Jackson,Business,H5,IAH
David Morris,Business,H6,IAH
Tim Simpson,Economy,I1,IAH
Mitchell Mora,Economy,I2,IAH
Jessica Vaughn,Economy,I3,IAH
Richard Rodriguez,Economy,I4,IAH
Traci Reid,Economy,I5,IAH
Shelby Edwards,Economy,I6,IAH
Joseph Powell,Economy,J1,IAH
Dakota Nguyen,Economy,J2,IAH
Bill Hayes,Economy,J3,IAH
Kimberly Leblanc,Economy,J4,IAH
Michelle Rodriguez,Economy,J5,IAH
Kelsey Hernandez,Economy,J6,IAH
Thomas Cantrell,Economy,K1,IAH
Sharon Jones,Economy,K2,IAH
Tracy Bryant,Economy,K3,IAH
Gregory Scott,Economy,K4,IAH
Nathan Lee,Economy,K5,IAH
Christopher Thomas,Economy,K6,IAH
Brandi Rivera,Economy,L1,IAH
Max Sanders,Economy,L2,IAH
Brandon Cline,Economy,L3,IAH
Madison Leon,Economy,L4,IAH
Laura Richards,Economy,L5,IAH
Bradley Murray,Economy,L6,IAH
Rebecca Lang,Economy,M1,IAH
Martin Delgado,Economy,M2,IAH
William Clark,Economy,M3,IAH
Shannon Cook,Economy,M4,IAH
Edward Wood,Economy,M5,IAH
Jennifer Smith,Economy,M6,IAH
Nathan Bailey,Economy,N1,IAH
Leroy Young,Economy,N2,IAH
Joseph Galloway,Economy,N3,IAH
Keith Bryant,Economy,N4,IAH
Gary Gray,Economy,N5,IAH
Christian Berg,Economy,N6,IAH
Sarah Rivera,Economy,O1,IAH
Melissa Hernandez,Economy,O2,IAH
Taylor Wyatt MD,Economy,O3,IAH
Kelsey Jordan,Economy,O4,IAH
Jessica Smith,Economy,O5,IAH
Laura Hernandez,Economy,O6,IAH
Joshua May,Economy,P1,IAH
Lawrence Brown,Economy,P2,IAH
Jeremiah Byrd,Economy,P3,IAH
Erica Wheeler,Economy,P4,IAH
Logan Hudson,Economy,P5,IAH
Darren Ryan,Economy,P6,IAH
Angela Weber,Economy,Q1,IAH
Diane Frey,Economy,Q2,IAH
Russell Serrano,Economy,Q3,IAH
Joel Goodman,Economy,Q4,IAH
James Matthews,Economy,Q5,IAH
Kathy Gibson,Economy,Q6,IAH
Tara Oneill,Economy,R1,IAH
Melissa Mcknight,Economy,R2,IAH
Sheila Howard,Economy,R3,IAH
Michael Espinoza,Economy,R4,IAH
Daniel Hayden,Economy,R5,IAH
Megan Potts,Economy,R6,IAH
Edward Nunez,Economy,S1,IAH
Whitney Wong,Economy,S2,IAH
William Garcia,Economy,S3,IAH
Terri Sanchez,Economy,S4,IAH
David Franklin,Economy,S5,IAH
Tammie Bradley,Economy,S6,IAH
Steven Lowe,Economy,T1,IAH
Kimberly Moore DDS,Economy,T2,IAH
Leslie Nelson,Economy,T3,IAH
George Hess,Economy,T4,IAH
Molly Fernandez,Economy,T5,IAH
Amanda Watson,Economy,T6,IAH
Angela Hansen,Economy,U1,IAH
Eric Stafford,Economy,U2,IAH
Sara Knox,Economy,U3,IAH
Tammy Luna,Economy,U4,IAH
Mary Baker,Economy,U5,IAH
Jennifer Benson,Economy,U6,IAH
Amber Patel,Economy,V1,IAH
Jonathan Guzman,Economy,V2,IAH
Thomas Lang,Economy,V3,IAH
Sarah Williams,Economy,V4,IAH
Randy Sandoval,Economy,V5,IAH
Stephen Sanders,Economy,V6,IAH
Mr. Angel Andrews II,Economy,W1,IAH
Jacob Simmons,Economy,W2,IAH
Robert Reese,Economy,W3,IAH
Elizabeth Davis,Economy,W4,IAH
Miss Emma Oliver,Economy,W5,IAH
Tracy Harrington,Economy,W6,IAH
Sarah Gomez,Economy,X1,IAH
Susan Tucker,Economy,X2,IAH
Andrea Cross,Economy,X3,IAH
Mary Garrett,Economy,X4,IAH
Natasha Stein,Economy,X5,IAH
Karen Morris,Economy,X6,IAH
Lisa Watkins,Economy,Y1,IAH
Brandon Hall,Economy,Y2,IAH
Dana Barron,Economy,Y3,IAH
Bryan Garza,Economy,Y4,IAH
Melissa Bond,Economy,Y5,IAH
Evelyn Molina,Economy,Y6,IAH
Jimmy Welch,Economy,Z1,IAH
Katie Gibson,Economy,Z2,IAH
Linda Gillespie,Economy,Z3,IAH
Kayla Brown,Economy,Z4,IAH
Elaine Barber,Economy,Z5,IAH
Marissa Mooney,Economy,Z6,IAH
Mark Perry,First,A1,MIA
Miguel Jones,First,A2,MIA
Thomas Rodgers,First,A3,MIA
Erica Ortega,First,A4,MIA
Katrina Collier,First,A5,MIA
Kayla Rowland,First,A6,MIA
Craig Bullock,First,B1,MIA
Terri Henderson,First,B2,MIA
Amy Scott,First,B3,MIA
Monica Moore,First,B4,MIA
Mrs. Wendy Reynolds,First,B5,MIA
Ashley Allen,First,B6,MIA
Sarah Evans,First,C1,MIA
Jacob Hernandez,First,C2,MIA
Jessica Wilson,First,C3,MIA
Megan Stein,First,C4,MIA
Cristian Higgins,First,C5,MIA
Melvin Fowler,First,C6,MIA
David Todd,Business,D1,MIA
Tami Becker,Business,D2,MIA
Jennifer Maynard,Business,D3,MIA
Melissa Andrews,Business,D4,MIA
Walter Fernandez,Business,D5,MIA
Mrs. Tara Washington,Business,D6,MIA
Melanie Anderson,Business,E1,MIA
Reginald Brooks,Business,E2,MIA
Aaron Wiggins,Business,E3,MIA
Michelle Love,Business,E4,MIA
Amy Kaufman,Business,E5,MIA
Katelyn Michael,Business,E6,MIA
Elizabeth Harris,Business,F1,MIA
Cindy Hamilton,Business,F2,MIA
Charles Strickland,Business,F3,MIA
Gabrielle Sullivan,Business,F4,MIA
Walter Day,Business,F5,MIA
Charles Long,Business,F6,MIA
Brandon Carter,Business,G1,MIA
Victoria Simon,Business,G2,MIA
Brittany Burns,Business,G3,MIA
Richard Richardson,Business,G4,MIA
Daniel Guzman,Business,G5,MIA
David Sanchez,Business,G6,MIA
Jessica Miller,Business,H1,MIA
Curtis Drake,Business,H2,MIA
Tina Dillon,Business,H3,MIA
Shannon Rodgers,Business,H4,MIA
Dr. Robin Daniels,Business,H5,MIA
Ana Torres,Business,H6,MIA
Timothy Brown,Economy,I1,MIA
Jorge Wilkins,Economy,I2,MIA
Arthur Smith,Economy,I3,MIA
Amanda Saunders,Economy,I4,MIA
Aimee Hanson,Economy,I5,MIA
Lisa Bailey,Economy,I6,MIA
Michael Gamble,Economy,J1,MIA
James Banks,Economy,J2,MIA
Steven Schwartz,Economy,J3,MIA
Mr. Michael Collins,Economy,J4,MIA
Melissa Yu,Economy,J5,MIA
Oscar Young,Economy,J6,MIA
Christina King,Economy,K1,MIA
Elizabeth Stanley,Economy,K2,MIA
Gregory Freeman,Economy,K3,MIA
Melissa Davis,Economy,K4,MIA
Margaret Hardy,Economy,K5,MIA
Thomas Arnold,Economy,K6,MIA
Robert Smith,Economy,L1,MIA
Kimberly Cook,Economy,L2,MIA
Corey Hall,Economy,L3,MIA
Isabel Hernandez,Economy,L4,MIA
Marcus Lambert,Economy,L5,MIA
Wendy Diaz,Economy,L6,MIA
Alexander Whitney,Economy,M1,MIA
Michael Anderson,Economy,M2,MIA
Tracey Garrison,Economy,M3,MIA
Samuel Beck,Economy,M4,MIA
Matthew Williams,Economy,M5,MIA
Hannah Ferguson,Economy,M6,MIA
Jessica Hunt,Economy,N1,MIA
Emily James,Economy,N2,MIA
Mr. Bradley Bailey,Economy,N3,MIA
Leah Clark,Economy,N4,MIA
Christina Robinson,Economy,N5,MIA
Stephen Kennedy,Economy,N6,MIA
Kristie Martinez,Economy,O1,MIA
Andrea Frey,Economy,O2,MIA
Maria Mason,Economy,O3,MIA
Brittany Becker,Economy,O4,MIA
James Lopez,Economy,O5,MIA
Yvette Reyes,Economy,O6,MIA
Colton Wagner,Economy,P1,MIA
Mr. Corey Smith Jr.,Economy,P2,MIA
Amanda Scott,Economy,P3,MIA
Virginia Barnes,Economy,P4,MIA
Joseph Phillips,Economy,P5,MIA
Nicholas Davila,Economy,P6,MIA
Brian Long,Economy,Q1,MIA
Anthony Thomas,Economy,Q2,MIA
Theodore Hale,Economy,Q3,MIA
Mary Williams,Economy,Q4,MIA
Crystal Frost,Economy,Q5,MIA
Tiffany Pacheco,Economy,Q6,MIA
Stephen Miller,Economy,R1,MIA
Melinda Lowery,Economy,R2,MIA
Heather Pena MD,Economy,R3,MIA
Teresa Johnson,Economy,R4,MIA
Veronica Everett,Economy,R5,MIA
Jill Frederick,Economy,R6,MIA
Shannon Gray,Economy,S1,MIA
Charles Williams,Economy,S2,MIA
Barry Lowery,Economy,S3,MIA
Eric Rosales,Economy,S4,MIA
Joshua Waters,Economy,S5,MIA
Jeffrey Kelley,Economy,S6,MIA
Lori Acosta,Economy,T1,MIA
Robert Willis,Economy,T2,MIA
Tara Ross,Economy,T3,MIA
Kayla Hill,Economy,T4,MIA
Nicholas Moore,Economy,T5,MIA
Rachel Preston,Economy,T6,MIA
Keith Atkins,Economy,U1,MIA
Erika Benson,Economy,U2,MIA
Chad Brennan,Economy,U3,MIA
Lindsey Jenkins,Economy,U4,MIA
Victoria Diaz,Economy,U5,MIA
Pamela Garza,Economy,U6,MIA
Amber Black,Economy,V1,MIA
Steven Cantrell,Economy,V2,MIA
Travis Morales,Economy,V3,MIA
Christina Holt,Economy,V4,MIA
Rachel Smith MD,Economy,V5,MIA
Zachary Ellis,Economy,V6,MIA
Madison Sullivan,Economy,W1,MIA
Robert Frazier,Economy,W2,MIA
Brandy Johnson,Economy,W3,MIA
Timothy Butler,Economy,W4,MIA
Sharon Maldonado,Economy,W5,MIA
Alexandria Anderson,Economy,W6,MIA
Mark Bradley,Economy,X1,MIA
David Jordan,Economy,X2,MIA
David Ochoa,Economy,X3,MIA
Matthew Sanchez,Economy,X4,MIA
Brian Coleman,Economy,X5,MIA
Alexander Harris,Economy,X6,MIA
Debra Smith,Economy,Y1,MIA
David Miller,Economy,Y2,MIA
Hayley Ramos,Economy,Y3,MIA
Johnny Kelley,Economy,Y4,MIA
Jill Sullivan,Economy,Y5,MIA
Jessica Taylor,Economy,Y6,MIA
Jessica Cruz,Economy,Z1,MIA
Jamie Williams,Economy,Z2,MIA
Gregory Hall,Economy,Z3,MIA
Danielle Fuller,Economy,Z4,MIA
Morgan Arellano,Economy,Z5,MIA
Kimberly Fowler,Economy,Z6,MIA
Cody Pope,First,A1,MCO
Jenny Taylor,First,A2,MCO
Michelle Black,First,A3,MCO
Collin Reid,First,A4,MCO
Martin Flores,First,A5,MCO
Randy Giles,First,A6,MCO
Linda Bray,First,B1,MCO
Amber Richardson,First,B2,MCO
Anthony Copeland,First,B3,MCO
Sandy Torres,First,B4,MCO
Mrs. Brianna Johnson,First,B5,MCO
Jeremy Johnson,First,B6,MCO
Anthony Bradley,First,C1,MCO
Karl Robles,First,C2,MCO
Keith Ibarra,First,C3,MCO
Christopher Martinez,First,C4,MCO
Jason Davis,First,C5,MCO
Mr. Richard Anderson,First,C6,MCO
Travis Jennings,Business,D1,MCO
Joseph Farley,Business,D2,MCO
Suzanne Wheeler,Business,D3,MCO
Jose Small,Business,D4,MCO
Brandon Shannon,Business,D5,MCO
Marcus Moon,Business,D6,MCO
Kelly Herrera,Business,E1,MCO
Nicole Scott,Business,E2,MCO
Rachel Johnson,Business,E3,MCO
Brittany Dennis,Business,E4,MCO
Jordan Soto,Business,E5,MCO
Martin Romero,Business,E6,MCO
Jennifer Chen,Business,F1,MCO
Christopher Obrien,Business,F2,MCO
Jon Hendricks,Business,F3,MCO
Michele Lloyd,Business,F4,MCO
April Graham,Business,F5,MCO
Stephanie Ward,Business,F6,MCO
David Gentry,Business,G1,MCO
Mark Humphrey,Business,G2,MCO
Donald Adams,Business,G3,MCO
Mrs. Danielle Aguilar,Business,G4,MCO
Gary Wheeler,Business,G5,MCO
Andrea Cook,Business,G6,MCO
Lisa Cummings,Business,H1,MCO
Joseph Harris,Business,H2,MCO
Jeffrey Ramirez,Business,H3,MCO
April Gould,Business,H4,MCO
Anthony Morales,Business,H5,MCO
Maria Strickland,Business,H6,MCO
Bryan Payne,Economy,I1,MCO
Debra Mclean,Economy,I2,MCO
Timothy Edwards,Economy,I3,MCO
Mark Butler,Economy,I4,MCO
Michael Rogers,Economy,I5,MCO
Curtis Rosario,Economy,I6,MCO
Heidi Garcia,Economy,J1,MCO
Seth Miller,Economy,J2,MCO
Veronica Moore,Economy,J3,MCO
Brett Ramirez,Economy,J4,MCO
Gail Hunt,Economy,J5,MCO
Jimmy Evans,Economy,J6,MCO
Andrew Mason,Economy,K1,MCO
Meghan Young,Economy,K2,MCO
Ryan Reid,Economy,K3,MCO
James Petty,Economy,K4,MCO
Zachary Kelley,Economy,K5,MCO
Nancy Gonzalez,Economy,K6,MCO
Kelly Martin,Economy,L1,MCO
April Osborne,Economy,L2,MCO
Bryce Fernandez,Economy,L3,MCO
James Stevenson,Economy,L4,MCO
Jason Clark,Economy,L5,MCO
Chad Conrad,Economy,L6,MCO
Christine Mcdonald,Economy,M1,MCO
Gabriel Torres,Economy,M2,MCO
Thomas Harris,Economy,M3,MCO
Bruce Odonnell,Economy,M4,MCO
Daniel Robbins,Economy,M5,MCO
Karen Osborn,Economy,M6,MCO
Brandon Moore,Economy,N1,MCO
Douglas Lopez,Economy,N2,MCO
Leah Williams,Economy,N3,MCO
Amy Johnson,Economy,N4,MCO
Yolanda Hensley,Economy,N5,MCO
Miguel Goodman,Economy,N6,MCO
Kenneth Walker,Economy,O1,MCO
Daniel Skinner,Economy,O2,MCO
Philip Jacobs,Economy,O3,MCO
Debbie Combs,Economy,O4,MCO
Robert Garrett,Economy,O5,MCO
Michael Garcia,Economy,O6,MCO
Jordan Gray MD,Economy,P1,MCO
Ronald Edwards,Economy,P2,MCO
Robert White,Economy,P3,MCO
Margaret Williams,Economy,P4,MCO
Christopher Cooper,Economy,P5,MCO
Penny Brown,Economy,P6,MCO
Anthony Cunningham,Economy,Q1,MCO
Zachary Willis,Economy,Q2,MCO
Charles Stanley,Economy,Q3,MCO
Elizabeth Salazar,Economy,Q4,MCO
Carla Morgan,Economy,Q5,MCO
Beverly Ross,Economy,Q6,MCO
David Gomez,Economy,R1,MCO
Michael Horne,Economy,R2,MCO
Christina Carpenter,Economy,R3,MCO
Joe Sparks,Economy,R4,MCO
Jonathan Jones,Economy,R5,MCO
Cheryl Foley,Economy,R6,MCO
Jason Rodriguez,Economy,S1,MCO
Jamie Lewis,Economy,S2,MCO
Tasha Brown,Economy,S3,MCO
Brendan Alexander,Economy,S4,MCO
Kelly Griffin,Economy,S5,MCO
Zachary Miller,Economy,S6,MCO
Melissa Anderson,Economy,T1,MCO
George Stark,Economy,T2,MCO
Logan Everett,Economy,T3,MCO
Tracy Acosta,Economy,T4,MCO
Andrea Brown,Economy,T5,MCO
Charles Ross,Economy,T6,MCO
Timothy Nguyen,Economy,U1,MCO
Christian Coleman,Economy,U2,MCO
Natalie Long,Economy,U3,MCO
Stephanie Mcbride,Economy,U4,MCO
Kathleen Anderson,Economy,U5,MCO
Marie Howell,Economy,U6,MCO
Mrs. Dana Lee,Economy,V1,MCO
Linda Thompson,Economy,V2,MCO
Eric Steele,Economy,V3,MCO
Mary Gutierrez,Economy,V4,MCO
David Austin,Economy,V5,MCO
Jonathan Ellis,Economy,V6,MCO
Jason Callahan,Economy,W1,MCO
William Moore,Economy,W2,MCO
Lisa Brown,Economy,W3,MCO
John Moore,Economy,W4,MCO
Christopher Stevenson,Economy,W5,MCO
Daniel Garrison,Economy,W6,MCO
Heather Taylor,Economy,X1,MCO
Victoria Navarro,Economy,X2,MCO
Christine Arellano,Economy,X3,MCO
Nicole Bullock,Economy,X4,MCO
Kimberly Sullivan,Economy,X5,MCO
David Martin,Economy,X6,MCO
Teresa Lozano,Economy,Y1,MCO
Charles Reyes,Economy,Y2,MCO
Joshua Zuniga,Economy,Y3,MCO
William Rush,Economy,Y4,MCO
Erica Castillo,Economy,Y5,MCO
Laura Cooper,Economy,Y6,MCO
Lindsay Alvarado,Economy,Z1,MCO
Curtis White,Economy,Z2,MCO
Danielle Griffith,Economy,Z3,MCO
Thomas Burns,Economy,Z4,MCO
Zachary Dodson,Economy,Z5,MCO
Cindy Blackwell,Economy,Z6,MCO
Brandy Palmer,First,A1,EWR
Abigail Price,First,A2,EWR
Robert Frazier DDS,First,A3,EWR
Richard Hall,First,A4,EWR
Brian Marquez,First,A5,EWR
Madison Tran,First,A6,EWR
Victor Young,First,B1,EWR
Jaime Williams,First,B2,EWR
Donald Reyes,First,B3,EWR
Jordan Hines,First,B4,EWR
Mrs. Katie Bautista DVM,First,B5,EWR
Alexandria Lee,First,B6,EWR
Melanie Miller,First,C1,EWR
Derrick Butler,First,C2,EWR
Corey Nguyen,First,C3,EWR
Kristin Walters,First,C4,EWR
Hayley Stout,First,C5,EWR
Mario Miller,First,C6,EWR
Carlos Myers,Business,D1,EWR
Amy Mcpherson,Business,D2,EWR
Kevin Garcia,Business,D3,EWR
Samantha Hanna,Business,D4,EWR
Veronica Tucker,Business,D5,EWR
Julie Poole,Business,D6,EWR
Holly Mason,Business,E1,EWR
Katelyn Francis,Business,E2,EWR
Autumn Petersen,Business,E3,EWR
David Hughes,Business,E4,EWR
Stephen Matthews,Business,E5,EWR
Jesse Thompson,Business,E6,EWR
Joyce Solis,Business,F1,EWR
Kimberly Short,Business,F2,EWR
Nicholas Ramirez,Business,F3,EWR
Jerry Francis,Business,F4,EWR
Ronald Johnson,Business,F5,EWR
Darren Mejia,Business,F6,EWR
Seth Hawkins,Business,G1,EWR
Terri Casey,Business,G2,EWR
Kari Mason,Business,G3,EWR
Kathleen Hill,Business,G4,EWR
Matthew Rojas,Business,G5,EWR
Michelle Stephens,Business,G6,EWR
Melanie Smith,Business,H1,EWR
Lindsey Wallace,Business,H2,EWR
Jennifer Lopez,Business,H3,EWR
Travis Johnson II,Business,H4,EWR
Vicki Garner,Business,H5,EWR
Carol Bell,Business,H6,EWR
Jason Bailey,Economy,I1,EWR
Bradley Parker,Economy,I2,EWR
Barbara Curry,Economy,I3,EWR
Mary Green,Economy,I4,EWR
Jacob Bowers,Economy,I5,EWR
David Cox,Economy,I6,EWR
James English,Economy,J1,EWR
Stephanie Maldonado,Economy,J2,EWR
Jasmine Griffith,Economy,J3,EWR
Erin Taylor,Economy,J4,EWR
Jeffrey White,Economy,J5,EWR
Lisa Hunt,Economy,J6,EWR
Molly Martinez,Economy,K1,EWR
Christine Lewis,Economy,K2,EWR
Michael Jennings,Economy,K3,EWR
Kelly Jensen,Economy,K4,EWR
Derek Paul,Economy,K5,EWR
Carlos Schmitt,Economy,K6,EWR
Joanna Krause,Economy,L1,EWR
Belinda Johnson,Economy,L2,EWR
Ashley Parker,Economy,L3,EWR
Michael Davis,Economy,L4,EWR
Kevin Morgan,Economy,L5,EWR
Angie Mccormick,Economy,L6,EWR
Joseph Moore,Economy,M1,EWR
Kayla Manning,Economy,M2,EWR
Timothy Jackson PhD,Economy,M3,EWR
Mark Lee,Economy,M4,EWR
Thomas Harris,Economy,M5,EWR
Adam Dunn,Economy,M6,EWR
Adam Perry,Economy,N1,EWR
Barbara Schmidt,Economy,N2,EWR
Daniel Jackson,Economy,N3,EWR
Jacob Edwards,Economy,N4,EWR
James Johnson,Economy,N5,EWR
Sarah Anderson,Economy,N6,EWR
Kirsten Henderson,Economy,O1,EWR
Heather Meza,Economy,O2,EWR
Laura Stewart,Economy,O3,EWR
Jesus Wells,Economy,O4,EWR
Jeffrey Moore,Economy,O5,EWR
James Green,Economy,O6,EWR
Danielle Shepard,Economy,P1,EWR
Tonya Cook,Economy,P2,EWR
Ryan Alvarado,Economy,P3,EWR
Richard Stephens,Economy,P4,EWR
John Hernandez,Economy,P5,EWR
Cody Horton,Economy,P6,EWR
Tara Henderson,Economy,Q1,EWR
Mary White,Economy,Q2,EWR
Christine Chan,Economy,Q3,EWR
Tammy Anderson,Economy,Q4,EWR
Karen Robinson,Economy,Q5,EWR
Dawn Jones,Economy,Q6,EWR
Carol Kim,Economy,R1,EWR
Andrea Harvey,Economy,R2,EWR
James Curtis,Economy,R3,EWR
Christy Davidson,Economy,R4,EWR
Kimberly Smith,Economy,R5,EWR
John Carney,Economy,R6,EWR
Amanda Sullivan,Economy,S1,EWR
Jeremiah Hood,Economy,S2,EWR
Jane Rogers,Economy,S3,EWR
Angela Park,Economy,S4,EWR
Nicole Barnes,Economy,S5,EWR
Kristen Smith,Economy,S6,EWR
Keith Holland,Economy,T1,EWR
Jennifer King,Economy,T2,EWR
Joshua Moody,Economy,T3,EWR
Christopher Mendez,Economy,T4,EWR
Melissa Williams,Economy,T5,EWR
Christopher Stevens,Economy,T6,EWR
Nicole Doyle,Economy,U1,EWR
Lisa Nguyen,Economy,U2,EWR
Ann Daniels,Economy,U3,EWR
Kenneth Perkins MD,Economy,U4,EWR
Matthew Smith,Economy,U5,EWR
Aaron Wright,Economy,U6,EWR
Casey Wilcox,Economy,V1,EWR
Virginia Miller DVM,Economy,V2,EWR
Casey Pratt,Economy,V3,EWR
Tamara Donovan,Economy,V4,EWR
Michael Willis,Economy,V5,EWR
Adam Reid,Economy,V6,EWR
Kevin Lambert,Economy,W1,EWR
Kurt Valdez,Economy,W2,EWR
Sarah Watts MD,Economy,W3,EWR
Michael Perez,Economy,W4,EWR
Joshua Sanders,Economy,W5,EWR
Lisa Garcia,Economy,W6,EWR
Jennifer Blake,Economy,X1,EWR
Edward Crawford,Economy,X2,EWR
Kathryn Roberts,Economy,X3,EWR
Daniel Jensen,Economy,X4,EWR
Kayla Mcdonald,Economy,X5,EWR
Andrea Harvey,Economy,X6,EWR
Tara Hess,Economy,Y1,EWR
Kyle Byrd,Economy,Y2,EWR
Richard Gonzalez,Economy,Y3,EWR
Steven Robinson,Economy,Y4,EWR
Ronnie Lambert,Economy,Y5,EWR
Lisa Thomas,Economy,Y6,EWR
Ashley Smith,Economy,Z1,EWR
Gabriela Grant,Economy,Z2,EWR
Travis Palmer,Economy,Z3,EWR
Phillip West,Economy,Z4,EWR
Christopher Rogers,Economy,Z5,EWR
Benjamin Mccormick,Economy,Z6,EWR
Deborah Johnson,First,A1,SEA
Candace Delacruz DVM,First,A2,SEA
Brian Hunt,First,A3,SEA
Michelle Gallagher,First,A4,SEA
Wayne Trujillo,First,A5,SEA
Colleen Brown,First,A6,SEA
Andrea Reilly,First,B1,SEA
Karen Prince,First,B2,SEA
Sara Bond,First,B3,SEA
Jorge Carter,First,B4,SEA
Thomas Gates,First,B5,SEA
Benjamin Hurley,First,B6,SEA
Rachel Morgan,First,C1,SEA
Matthew Ashley,First,C2,SEA
Richard Mejia,First,C3,SEA
Nicholas Greer,First,C4,SEA
Carla Gilbert,First,C5,SEA
Patricia Powell,First,C6,SEA
Gabrielle Hill,Business,D1,SEA
Katrina Gilmore,Business,D2,SEA
Tyler Jones,Business,D3,SEA
Debra Fernandez,Business,D4,SEA
Carolyn Smith PhD,Business,D5,SEA
Derrick Price,Business,D6,SEA
Zachary Miller,Business,E1,SEA
Daniel Kelley,Business,E2,SEA
Scott Cooper,Business,E3,SEA
Jennifer Bates,Business,E4,SEA
Dana Walters,Business,E5,SEA
Kathryn Bullock,Business,E6,SEA
Carrie Glover DVM,Business,F1,SEA
Teresa Lopez,Business,F2,SEA
Austin Ayala,Business,F3,SEA
Haley Harris,Business,F4,SEA
Matthew Campbell,Business,F5,SEA
Kelli Pruitt,Business,F6,SEA
Bryan Smith,Business,G1,SEA
Jasmin Martinez,Business,G2,SEA
Marissa Taylor,Business,G3,SEA
Aaron Glass,Business,G4,SEA
Stephanie Martin,Business,G5,SEA
Angela Jackson,Business,G6,SEA
Anthony Jones,Business,H1,SEA
Lynn Fisher,Business,H2,SEA
Donald James,Business,H3,SEA
Lauren Murray,Business,H4,SEA
John Ross,Business,H5,SEA
Jason Boone,Business,H6,SEA
Michael Vargas,Economy,I1,SEA
Lonnie Robinson,Economy,I2,SEA
Katelyn Rojas,Economy,I3,SEA
Angel Jordan,Economy,I4,SEA
Stephanie Cunningham,Economy,I5,SEA
Darrell Strickland II,Economy,I6,SEA
Anne Dalton DVM,Economy,J1,SEA
Mark Nixon,Economy,J2,SEA
Andrew Wood,Economy,J3,SEA
Erik Chambers,Economy,J4,SEA
Caleb Price,Economy,J5,SEA
John Hickman,Economy,J6,SEA
Sandra Lang,Economy,K1,SEA
Dennis Bernard,Economy,K2,SEA
Larry Payne,Economy,K3,SEA
Keith Salas,Economy,K4,SEA
Stephen Williams,Economy,K5,SEA
Brandon Key,Economy,K6,SEA
Tina Anderson,Economy,L1,SEA
Kelly Browning,Economy,L2,SEA
Austin Maddox,Economy,L3,SEA
Kirsten Medina,Economy,L4,SEA
Karen Chen,Economy,L5,SEA
Brian Romero,Economy,L6,SEA
Charles Chapman,Economy,M1,SEA
Mark Velasquez,Economy,M2,SEA
Virginia Morton,Economy,M3,SEA
Jessica Neal,Economy,M4,SEA
Joanna Lewis,Economy,M5,SEA
Ashley Martinez,Economy,M6,SEA
Thomas Torres MD,Economy,N1,SEA
Vicki Watts,Economy,N2,SEA
Steven Perez,Economy,N3,SEA
Brittney Cordova,Economy,N4,SEA
Melissa Anderson,Economy,N5,SEA
Brandi Price,Economy,N6,SEA
Duane Fernandez,Economy,O1,SEA
Christina Cruz,Economy,O2,SEA
Dawn Spencer,Economy,O3,SEA
Casey Glenn,Economy,O4,SEA
Julie White,Economy,O5,SEA
James Hill,Economy,O6,SEA
Brittany Murray,Economy,P1,SEA
Jeremiah Stanton,Economy,P2,SEA
Matthew Nielsen,Economy,P3,SEA
Nicholas Johnson,Economy,P4,SEA
Keith Rojas,Economy,P5,SEA
Charles Baker,Economy,P6,SEA
Dr. Diane Gonzalez DDS,Economy,Q1,SEA
Alexander Rocha,Economy,Q2,SEA
Kevin Smith,Economy,Q3,SEA
Daniel Perkins,Economy,Q4,SEA
Kenneth Collins,Economy,Q5,SEA
Michelle Skinner,Economy,Q6,SEA
Amy Smith,Economy,R1,SEA
Samantha Johnson,Economy,R2,SEA
Paula Johnson,Economy,R3,SEA
Joseph Miller,Economy,R4,SEA
Hannah Pearson,Economy,R5,SEA
Leslie Huang,Economy,R6,SEA
Keith Lucas,Economy,S1,SEA
Felicia Cooper,Economy,S2,SEA
Albert Hicks,Economy,S3,SEA
Matthew Garcia,Economy,S4,SEA
Dawn Long,Economy,S5,SEA
Christopher Martin,Economy,S6,SEA
Brittany Chang,Economy,T1,SEA
Sean Donaldson,Economy,T2,SEA
Jennifer Howard,Economy,T3,SEA
Nicole Adams,Economy,T4,SEA
Samuel Hess,Economy,T5,SEA
Collin Tate,Economy,T6,SEA
Teresa Hill,Economy,U1,SEA
Jessica Cox,Economy,U2,SEA
Brett Lopez,Economy,U3,SEA
Terry Kim,Economy,U4,SEA
Douglas Evans,Economy,U5,SEA
Diana Walter,Economy,U6,SEA
Cynthia Walker,Economy,V1,SEA
Becky Myers MD,Economy,V2,SEA
Christopher Garcia,Economy,V3,SEA
Nicole Wallace MD,Economy,V4,SEA
Kayla Meyers,Economy,V5,SEA
Tara Cunningham,Economy,V6,SEA
Paul Dominguez,Economy,W1,SEA
James Davis,Economy,W2,SEA
Monica Mack,Economy,W3,SEA
Cheryl Ritter,Economy,W4,SEA
Eileen Wade,Economy,W5,SEA
Sandra Bowen,Economy,W6,SEA
Melissa Craig,Economy,X1,SEA
Thomas Moses,Economy,X2,SEA
Lori Cohen,Economy,X3,SEA
Melinda White,Economy,X4,SEA
Paul Craig,Economy,X5,SEA
Angela Burke,Economy,X6,SEA
Derek Huber,Economy,Y1,SEA
Katherine Choi,Economy,Y2,SEA
Maria Rogers,Economy,Y3,SEA
Ricky Fletcher,Economy,Y4,SEA
Mark Allen,Economy,Y5,SEA
Terri Scott,Economy,Y6,SEA
Brandi Meyer,Economy,Z1,SEA
Steven Davis,Economy,Z2,SEA
Adam Brown,Economy,Z3,SEA
Theodore Kramer,Economy,Z4,SEA
Chad White,Economy,Z5,SEA
Tammy Cortez,Economy,Z6,SEA
